#ifndef FONT_MEDIUM_32_H
#define FONT_MEDIUM_32_H

#include <pgmspace.h>

const uint8_t font_medium_32[] PROGMEM = {
    0x00, 0x00, 0x00, 0x60, 0x00, 0x00, 0x00, 0x0b, 0x00, 0x00, 0x00, 0x20, 0x00, 0x00, 0x00, 0x00, 
  0x00, 0x00, 0x00, 0x17, 0x00, 0x00, 0x00, 0x06, 0x00, 0x00, 0x00, 0x20, 0x00, 0x00, 0x00, 0x01, 
  0x00, 0x00, 0x00, 0x01, 0x00, 0x00, 0x00, 0x10, 0x00, 0x00, 0x00, 0x40, 0xff, 0xff, 0xff, 0xe0, 
  0x00, 0x00, 0x00, 0x00, 0x00, 0x00, 0x00, 0x21, 0x00, 0x00, 0x00, 0x18, 0x00, 0x00, 0x00, 0x04, 
  0x00, 0x00, 0x00, 0x10, 0x00, 0x00, 0x00, 0x17, 0x00, 0x00, 0x00, 0x06, 0x00, 0x00, 0x00, 0x00, 
  0x00, 0x00, 0x00, 0x22, 0x00, 0x00, 0x00, 0x09, 0x00, 0x00, 0x00, 0x08, 0x00, 0x00, 0x00, 0x10, 
  0x00, 0x00, 0x00, 0x18, 0x00, 0x00, 0x00, 0x04, 0x00, 0x00, 0x00, 0x00, 0x00, 0x00, 0x00, 0x23, 
  0x00, 0x00, 0x00, 0x18, 0x00, 0x00, 0x00, 0x10, 0x00, 0x00, 0x00, 0x10, 0x00, 0x00, 0x00, 0x17, 
  0x00, 0x00, 0x00, 0x00, 0x00, 0x00, 0x00, 0x00, 0x00, 0x00, 0x00, 0x24, 0x00, 0x00, 0x00, 0x1d, 
  0x00, 0x00, 0x00, 0x0e, 0x00, 0x00, 0x00, 0x10, 0x00, 0x00, 0x00, 0x19, 0x00, 0x00, 0x00, 0x01, 
  0x00, 0x00, 0x00, 0x00, 0x00, 0x00, 0x00, 0x25, 0x00, 0x00, 0x00, 0x19, 0x00, 0x00, 0x00, 0x0e, 
  0x00, 0x00, 0x00, 0x10, 0x00, 0x00, 0x00, 0x18, 0x00, 0x00, 0x00, 0x01, 0x00, 0x00, 0x00, 0x00, 
  0x00, 0x00, 0x00, 0x26, 0x00, 0x00, 0x00, 0x18, 0x00, 0x00, 0x00, 0x0f, 0x00, 0x00, 0x00, 0x10, 
  0x00, 0x00, 0x00, 0x17, 0x00, 0x00, 0x00, 0x01, 0x00, 0x00, 0x00, 0x00, 0x00, 0x00, 0x00, 0x27, 
  0x00, 0x00, 0x00, 0x09, 0x00, 0x00, 0x00, 0x04, 0x00, 0x00, 0x00, 0x10, 0x00, 0x00, 0x00, 0x18, 
  0x00, 0x00, 0x00, 0x06, 0x00, 0x00, 0x00, 0x00, 0x00, 0x00, 0x00, 0x28, 0x00, 0x00, 0x00, 0x20, 
  0x00, 0x00, 0x00, 0x09, 0x00, 0x00, 0x00, 0x10, 0x00, 0x00, 0x00, 0x1a, 0x00, 0x00, 0x00, 0x04, 
  0x00, 0x00, 0x00, 0x00, 0x00, 0x00, 0x00, 0x29, 0x00, 0x00, 0x00, 0x20, 0x00, 0x00, 0x00, 0x09, 
  0x00, 0x00, 0x00, 0x10, 0x00, 0x00, 0x00, 0x1a, 0x00, 0x00, 0x00, 0x03, 0x00, 0x00, 0x00, 0x00, 
  0x00, 0x00, 0x00, 0x2a, 0x00, 0x00, 0x00, 0x14, 0x00, 0x00, 0x00, 0x0e, 0x00, 0x00, 0x00, 0x10, 
  0x00, 0x00, 0x00, 0x16, 0x00, 0x00, 0x00, 0x01, 0x00, 0x00, 0x00, 0x00, 0x00, 0x00, 0x00, 0x2b, 
  0x00, 0x00, 0x00, 0x11, 0x00, 0x00, 0x00, 0x0e, 0x00, 0x00, 0x00, 0x10, 0x00, 0x00, 0x00, 0x13, 
  0x00, 0x00, 0x00, 0x01, 0x00, 0x00, 0x00, 0x00, 0x00, 0x00, 0x00, 0x2c, 0x00, 0x00, 0x00, 0x08, 
  0x00, 0x00, 0x00, 0x06, 0x00, 0x00, 0x00, 0x10, 0x00, 0x00, 0x00, 0x04, 0x00, 0x00, 0x00, 0x05, 
  0x00, 0x00, 0x00, 0x00, 0x00, 0x00, 0x00, 0x2d, 0x00, 0x00, 0x00, 0x03, 0x00, 0x00, 0x00, 0x0c, 
  0x00, 0x00, 0x00, 0x10, 0x00, 0x00, 0x00, 0x0c, 0x00, 0x00, 0x00, 0x02, 0x00, 0x00, 0x00, 0x00, 
  0x00, 0x00, 0x00, 0x2e, 0x00, 0x00, 0x00, 0x05, 0x00, 0x00, 0x00, 0x06, 0x00, 0x00, 0x00, 0x10, 
  0x00, 0x00, 0x00, 0x04, 0x00, 0x00, 0x00, 0x05, 0x00, 0x00, 0x00, 0x00, 0x00, 0x00, 0x00, 0x2f, 
  0x00, 0x00, 0x00, 0x1d, 0x00, 0x00, 0x00, 0x0e, 0x00, 0x00, 0x00, 0x10, 0x00, 0x00, 0x00, 0x1a, 
  0x00, 0x00, 0x00, 0x01, 0x00, 0x00, 0x00, 0x00, 0x00, 0x00, 0x00, 0x30, 0x00, 0x00, 0x00, 0x18, 
  0x00, 0x00, 0x00, 0x0e, 0x00, 0x00, 0x00, 0x10, 0x00, 0x00, 0x00, 0x17, 0x00, 0x00, 0x00, 0x01, 
  0x00, 0x00, 0x00, 0x00, 0x00, 0x00, 0x00, 0x31, 0x00, 0x00, 0x00, 0x18, 0x00, 0x00, 0x00, 0x0d, 
  0x00, 0x00, 0x00, 0x10, 0x00, 0x00, 0x00, 0x17, 0x00, 0x00, 0x00, 0x02, 0x00, 0x00, 0x00, 0x00, 
  0x00, 0x00, 0x00, 0x32, 0x00, 0x00, 0x00, 0x18, 0x00, 0x00, 0x00, 0x0f, 0x00, 0x00, 0x00, 0x10, 
  0x00, 0x00, 0x00, 0x17, 0x00, 0x00, 0x00, 0x01, 0x00, 0x00, 0x00, 0x00, 0x00, 0x00, 0x00, 0x33, 
  0x00, 0x00, 0x00, 0x18, 0x00, 0x00, 0x00, 0x0f, 0x00, 0x00, 0x00, 0x10, 0x00, 0x00, 0x00, 0x17, 
  0x00, 0x00, 0x00, 0x00, 0x00, 0x00, 0x00, 0x00, 0x00, 0x00, 0x00, 0x34, 0x00, 0x00, 0x00, 0x18, 
  0x00, 0x00, 0x00, 0x10, 0x00, 0x00, 0x00, 0x10, 0x00, 0x00, 0x00, 0x17, 0x00, 0x00, 0x00, 0x00, 
  0x00, 0x00, 0x00, 0x00, 0x00, 0x00, 0x00, 0x35, 0x00, 0x00, 0x00, 0x18, 0x00, 0x00, 0x00, 0x0e, 
  0x00, 0x00, 0x00, 0x10, 0x00, 0x00, 0x00, 0x17, 0x00, 0x00, 0x00, 0x01, 0x00, 0x00, 0x00, 0x00, 
  0x00, 0x00, 0x00, 0x36, 0x00, 0x00, 0x00, 0x18, 0x00, 0x00, 0x00, 0x0e, 0x00, 0x00, 0x00, 0x10, 
  0x00, 0x00, 0x00, 0x17, 0x00, 0x00, 0x00, 0x01, 0x00, 0x00, 0x00, 0x00, 0x00, 0x00, 0x00, 0x37, 
  0x00, 0x00, 0x00, 0x18, 0x00, 0x00, 0x00, 0x0e, 0x00, 0x00, 0x00, 0x10, 0x00, 0x00, 0x00, 0x17, 
  0x00, 0x00, 0x00, 0x01, 0x00, 0x00, 0x00, 0x00, 0x00, 0x00, 0x00, 0x38, 0x00, 0x00, 0x00, 0x18, 
  0x00, 0x00, 0x00, 0x0e, 0x00, 0x00, 0x00, 0x10, 0x00, 0x00, 0x00, 0x17, 0x00, 0x00, 0x00, 0x01, 
  0x00, 0x00, 0x00, 0x00, 0x00, 0x00, 0x00, 0x39, 0x00, 0x00, 0x00, 0x18, 0x00, 0x00, 0x00, 0x0f, 
  0x00, 0x00, 0x00, 0x10, 0x00, 0x00, 0x00, 0x17, 0x00, 0x00, 0x00, 0x01, 0x00, 0x00, 0x00, 0x00, 
  0x00, 0x00, 0x00, 0x3a, 0x00, 0x00, 0x00, 0x11, 0x00, 0x00, 0x00, 0x05, 0x00, 0x00, 0x00, 0x10, 
  0x00, 0x00, 0x00, 0x13, 0x00, 0x00, 0x00, 0x05, 0x00, 0x00, 0x00, 0x00, 0x00, 0x00, 0x00, 0x3b, 
  0x00, 0x00, 0x00, 0x14, 0x00, 0x00, 0x00, 0x06, 0x00, 0x00, 0x00, 0x10, 0x00, 0x00, 0x00, 0x13, 
  0x00, 0x00, 0x00, 0x05, 0x00, 0x00, 0x00, 0x00, 0x00, 0x00, 0x00, 0x3c, 0x00, 0x00, 0x00, 0x11, 
  0x00, 0x00, 0x00, 0x0e, 0x00, 0x00, 0x00, 0x10, 0x00, 0x00, 0x00, 0x13, 0x00, 0x00, 0x00, 0x01, 
  0x00, 0x00, 0x00, 0x00, 0x00, 0x00, 0x00, 0x3d, 0x00, 0x00, 0x00, 0x09, 0x00, 0x00, 0x00, 0x0e, 
  0x00, 0x00, 0x00, 0x10, 0x00, 0x00, 0x00, 0x0f, 0x00, 0x00, 0x00, 0x01, 0x00, 0x00, 0x00, 0x00, 
  0x00, 0x00, 0x00, 0x3e, 0x00, 0x00, 0x00, 0x11, 0x00, 0x00, 0x00, 0x0d, 0x00, 0x00, 0x00, 0x10, 
  0x00, 0x00, 0x00, 0x13, 0x00, 0x00, 0x00, 0x01, 0x00, 0x00, 0x00, 0x00, 0x00, 0x00, 0x00, 0x3f, 
  0x00, 0x00, 0x00, 0x18, 0x00, 0x00, 0x00, 0x0e, 0x00, 0x00, 0x00, 0x10, 0x00, 0x00, 0x00, 0x17, 
  0x00, 0x00, 0x00, 0x01, 0x00, 0x00, 0x00, 0x00, 0x00, 0x00, 0x00, 0x40, 0x00, 0x00, 0x00, 0x18, 
  0x00, 0x00, 0x00, 0x0f, 0x00, 0x00, 0x00, 0x10, 0x00, 0x00, 0x00, 0x17, 0x00, 0x00, 0x00, 0x00, 
  0x00, 0x00, 0x00, 0x00, 0x00, 0x00, 0x00, 0x41, 0x00, 0x00, 0x00, 0x18, 0x00, 0x00, 0x00, 0x10, 
  0x00, 0x00, 0x00, 0x10, 0x00, 0x00, 0x00, 0x17, 0x00, 0x00, 0x00, 0x00, 0x00, 0x00, 0x00, 0x00, 
  0x00, 0x00, 0x00, 0x42, 0x00, 0x00, 0x00, 0x18, 0x00, 0x00, 0x00, 0x0f, 0x00, 0x00, 0x00, 0x10, 
  0x00, 0x00, 0x00, 0x17, 0x00, 0x00, 0x00, 0x00, 0x00, 0x00, 0x00, 0x00, 0x00, 0x00, 0x00, 0x43, 
  0x00, 0x00, 0x00, 0x18, 0x00, 0x00, 0x00, 0x0e, 0x00, 0x00, 0x00, 0x10, 0x00, 0x00, 0x00, 0x17, 
  0x00, 0x00, 0x00, 0x01, 0x00, 0x00, 0x00, 0x00, 0x00, 0x00, 0x00, 0x44, 0x00, 0x00, 0x00, 0x18, 
  0x00, 0x00, 0x00, 0x0f, 0x00, 0x00, 0x00, 0x10, 0x00, 0x00, 0x00, 0x17, 0x00, 0x00, 0x00, 0x00, 
  0x00, 0x00, 0x00, 0x00, 0x00, 0x00, 0x00, 0x45, 0x00, 0x00, 0x00, 0x18, 0x00, 0x00, 0x00, 0x0e, 
  0x00, 0x00, 0x00, 0x10, 0x00, 0x00, 0x00, 0x17, 0x00, 0x00, 0x00, 0x01, 0x00, 0x00, 0x00, 0x00, 
  0x00, 0x00, 0x00, 0x46, 0x00, 0x00, 0x00, 0x18, 0x00, 0x00, 0x00, 0x0e, 0x00, 0x00, 0x00, 0x10, 
  0x00, 0x00, 0x00, 0x17, 0x00, 0x00, 0x00, 0x01, 0x00, 0x00, 0x00, 0x00, 0x00, 0x00, 0x00, 0x47, 
  0x00, 0x00, 0x00, 0x18, 0x00, 0x00, 0x00, 0x0f, 0x00, 0x00, 0x00, 0x10, 0x00, 0x00, 0x00, 0x17, 
  0x00, 0x00, 0x00, 0x00, 0x00, 0x00, 0x00, 0x00, 0x00, 0x00, 0x00, 0x48, 0x00, 0x00, 0x00, 0x18, 
  0x00, 0x00, 0x00, 0x0f, 0x00, 0x00, 0x00, 0x10, 0x00, 0x00, 0x00, 0x17, 0x00, 0x00, 0x00, 0x00, 
  0x00, 0x00, 0x00, 0x00, 0x00, 0x00, 0x00, 0x49, 0x00, 0x00, 0x00, 0x18, 0x00, 0x00, 0x00, 0x0c, 
  0x00, 0x00, 0x00, 0x10, 0x00, 0x00, 0x00, 0x17, 0x00, 0x00, 0x00, 0x02, 0x00, 0x00, 0x00, 0x00, 
  0x00, 0x00, 0x00, 0x4a, 0x00, 0x00, 0x00, 0x18, 0x00, 0x00, 0x00, 0x0b, 0x00, 0x00, 0x00, 0x10, 
  0x00, 0x00, 0x00, 0x17, 0x00, 0x00, 0x00, 0x02, 0x00, 0x00, 0x00, 0x00, 0x00, 0x00, 0x00, 0x4b, 
  0x00, 0x00, 0x00, 0x18, 0x00, 0x00, 0x00, 0x0f, 0x00, 0x00, 0x00, 0x10, 0x00, 0x00, 0x00, 0x17, 
  0x00, 0x00, 0x00, 0x01, 0x00, 0x00, 0x00, 0x00, 0x00, 0x00, 0x00, 0x4c, 0x00, 0x00, 0x00, 0x18, 
  0x00, 0x00, 0x00, 0x0d, 0x00, 0x00, 0x00, 0x10, 0x00, 0x00, 0x00, 0x17, 0x00, 0x00, 0x00, 0x02, 
  0x00, 0x00, 0x00, 0x00, 0x00, 0x00, 0x00, 0x4d, 0x00, 0x00, 0x00, 0x18, 0x00, 0x00, 0x00, 0x0f, 
  0x00, 0x00, 0x00, 0x10, 0x00, 0x00, 0x00, 0x17, 0x00, 0x00, 0x00, 0x01, 0x00, 0x00, 0x00, 0x00, 
  0x00, 0x00, 0x00, 0x4e, 0x00, 0x00, 0x00, 0x18, 0x00, 0x00, 0x00, 0x0e, 0x00, 0x00, 0x00, 0x10, 
  0x00, 0x00, 0x00, 0x17, 0x00, 0x00, 0x00, 0x01, 0x00, 0x00, 0x00, 0x00, 0x00, 0x00, 0x00, 0x4f, 
  0x00, 0x00, 0x00, 0x18, 0x00, 0x00, 0x00, 0x0e, 0x00, 0x00, 0x00, 0x10, 0x00, 0x00, 0x00, 0x17, 
  0x00, 0x00, 0x00, 0x01, 0x00, 0x00, 0x00, 0x00, 0x00, 0x00, 0x00, 0x50, 0x00, 0x00, 0x00, 0x18, 
  0x00, 0x00, 0x00, 0x10, 0x00, 0x00, 0x00, 0x10, 0x00, 0x00, 0x00, 0x17, 0x00, 0x00, 0x00, 0x00, 
  0x00, 0x00, 0x00, 0x00, 0x00, 0x00, 0x00, 0x51, 0x00, 0x00, 0x00, 0x1a, 0x00, 0x00, 0x00, 0x0f, 
  0x00, 0x00, 0x00, 0x10, 0x00, 0x00, 0x00, 0x17, 0x00, 0x00, 0x00, 0x01, 0x00, 0x00, 0x00, 0x00, 
  0x00, 0x00, 0x00, 0x52, 0x00, 0x00, 0x00, 0x18, 0x00, 0x00, 0x00, 0x10, 0x00, 0x00, 0x00, 0x10, 
  0x00, 0x00, 0x00, 0x17, 0x00, 0x00, 0x00, 0x00, 0x00, 0x00, 0x00, 0x00, 0x00, 0x00, 0x00, 0x53, 
  0x00, 0x00, 0x00, 0x18, 0x00, 0x00, 0x00, 0x0f, 0x00, 0x00, 0x00, 0x10, 0x00, 0x00, 0x00, 0x17, 
  0x00, 0x00, 0x00, 0x00, 0x00, 0x00, 0x00, 0x00, 0x00, 0x00, 0x00, 0x54, 0x00, 0x00, 0x00, 0x18, 
  0x00, 0x00, 0x00, 0x10, 0x00, 0x00, 0x00, 0x10, 0x00, 0x00, 0x00, 0x17, 0x00, 0x00, 0x00, 0x00, 
  0x00, 0x00, 0x00, 0x00, 0x00, 0x00, 0x00, 0x55, 0x00, 0x00, 0x00, 0x18, 0x00, 0x00, 0x00, 0x0e, 
  0x00, 0x00, 0x00, 0x10, 0x00, 0x00, 0x00, 0x17, 0x00, 0x00, 0x00, 0x01, 0x00, 0x00, 0x00, 0x00, 
  0x00, 0x00, 0x00, 0x56, 0x00, 0x00, 0x00, 0x18, 0x00, 0x00, 0x00, 0x10, 0x00, 0x00, 0x00, 0x10, 
  0x00, 0x00, 0x00, 0x17, 0x00, 0x00, 0x00, 0x00, 0x00, 0x00, 0x00, 0x00, 0x00, 0x00, 0x00, 0x57, 
  0x00, 0x00, 0x00, 0x18, 0x00, 0x00, 0x00, 0x10, 0x00, 0x00, 0x00, 0x10, 0x00, 0x00, 0x00, 0x17, 
  0x00, 0x00, 0x00, 0x00, 0x00, 0x00, 0x00, 0x00, 0x00, 0x00, 0x00, 0x58, 0x00, 0x00, 0x00, 0x18, 
  0x00, 0x00, 0x00, 0x0e, 0x00, 0x00, 0x00, 0x10, 0x00, 0x00, 0x00, 0x17, 0x00, 0x00, 0x00, 0x01, 
  0x00, 0x00, 0x00, 0x00, 0x00, 0x00, 0x00, 0x59, 0x00, 0x00, 0x00, 0x18, 0x00, 0x00, 0x00, 0x0f, 
  0x00, 0x00, 0x00, 0x10, 0x00, 0x00, 0x00, 0x17, 0x00, 0x00, 0x00, 0x00, 0x00, 0x00, 0x00, 0x00, 
  0x00, 0x00, 0x00, 0x5a, 0x00, 0x00, 0x00, 0x18, 0x00, 0x00, 0x00, 0x0f, 0x00, 0x00, 0x00, 0x10, 
  0x00, 0x00, 0x00, 0x17, 0x00, 0x00, 0x00, 0x00, 0x00, 0x00, 0x00, 0x00, 0x00, 0x00, 0x00, 0x5b, 
  0x00, 0x00, 0x00, 0x1e, 0x00, 0x00, 0x00, 0x07, 0x00, 0x00, 0x00, 0x10, 0x00, 0x00, 0x00, 0x19, 
  0x00, 0x00, 0x00, 0x05, 0x00, 0x00, 0x00, 0x00, 0x00, 0x00, 0x00, 0x5c, 0x00, 0x00, 0x00, 0x1d, 
  0x00, 0x00, 0x00, 0x0e, 0x00, 0x00, 0x00, 0x10, 0x00, 0x00, 0x00, 0x1a, 0x00, 0x00, 0x00, 0x01, 
  0x00, 0x00, 0x00, 0x00, 0x00, 0x00, 0x00, 0x5d, 0x00, 0x00, 0x00, 0x1e, 0x00, 0x00, 0x00, 0x07, 
  0x00, 0x00, 0x00, 0x10, 0x00, 0x00, 0x00, 0x19, 0x00, 0x00, 0x00, 0x04, 0x00, 0x00, 0x00, 0x00, 
  0x00, 0x00, 0x00, 0x5e, 0x00, 0x00, 0x00, 0x0c, 0x00, 0x00, 0x00, 0x0d, 0x00, 0x00, 0x00, 0x10, 
  0x00, 0x00, 0x00, 0x1a, 0x00, 0x00, 0x00, 0x02, 0x00, 0x00, 0x00, 0x00, 0x00, 0x00, 0x00, 0x5f, 
  0x00, 0x00, 0x00, 0x03, 0x00, 0x00, 0x00, 0x10, 0x00, 0x00, 0x00, 0x10, 0xff, 0xff, 0xff, 0xfd, 
  0x00, 0x00, 0x00, 0x00, 0x00, 0x00, 0x00, 0x00, 0x00, 0x00, 0x00, 0x60, 0x00, 0x00, 0x00, 0x05, 
  0x00, 0x00, 0x00, 0x08, 0x00, 0x00, 0x00, 0x10, 0x00, 0x00, 0x00, 0x17, 0x00, 0x00, 0x00, 0x04, 
  0x00, 0x00, 0x00, 0x00, 0x00, 0x00, 0x00, 0x61, 0x00, 0x00, 0x00, 0x11, 0x00, 0x00, 0x00, 0x0e, 
  0x00, 0x00, 0x00, 0x10, 0x00, 0x00, 0x00, 0x10, 0x00, 0x00, 0x00, 0x01, 0x00, 0x00, 0x00, 0x00, 
  0x00, 0x00, 0x00, 0x62, 0x00, 0x00, 0x00, 0x18, 0x00, 0x00, 0x00, 0x0e, 0x00, 0x00, 0x00, 0x10, 
  0x00, 0x00, 0x00, 0x17, 0x00, 0x00, 0x00, 0x01, 0x00, 0x00, 0x00, 0x00, 0x00, 0x00, 0x00, 0x63, 
  0x00, 0x00, 0x00, 0x11, 0x00, 0x00, 0x00, 0x0e, 0x00, 0x00, 0x00, 0x10, 0x00, 0x00, 0x00, 0x10, 
  0x00, 0x00, 0x00, 0x01, 0x00, 0x00, 0x00, 0x00, 0x00, 0x00, 0x00, 0x64, 0x00, 0x00, 0x00, 0x18, 
  0x00, 0x00, 0x00, 0x0e, 0x00, 0x00, 0x00, 0x10, 0x00, 0x00, 0x00, 0x17, 0x00, 0x00, 0x00, 0x01, 
  0x00, 0x00, 0x00, 0x00, 0x00, 0x00, 0x00, 0x65, 0x00, 0x00, 0x00, 0x11, 0x00, 0x00, 0x00, 0x0e, 
  0x00, 0x00, 0x00, 0x10, 0x00, 0x00, 0x00, 0x10, 0x00, 0x00, 0x00, 0x01, 0x00, 0x00, 0x00, 0x00, 
  0x00, 0x00, 0x00, 0x66, 0x00, 0x00, 0x00, 0x18, 0x00, 0x00, 0x00, 0x0e, 0x00, 0x00, 0x00, 0x10, 
  0x00, 0x00, 0x00, 0x17, 0x00, 0x00, 0x00, 0x01, 0x00, 0x00, 0x00, 0x00, 0x00, 0x00, 0x00, 0x67, 
  0x00, 0x00, 0x00, 0x16, 0x00, 0x00, 0x00, 0x0e, 0x00, 0x00, 0x00, 0x10, 0x00, 0x00, 0x00, 0x10, 
  0x00, 0x00, 0x00, 0x01, 0x00, 0x00, 0x00, 0x00, 0x00, 0x00, 0x00, 0x68, 0x00, 0x00, 0x00, 0x18, 
  0x00, 0x00, 0x00, 0x0d, 0x00, 0x00, 0x00, 0x10, 0x00, 0x00, 0x00, 0x17, 0x00, 0x00, 0x00, 0x02, 
  0x00, 0x00, 0x00, 0x00, 0x00, 0x00, 0x00, 0x69, 0x00, 0x00, 0x00, 0x18, 0x00, 0x00, 0x00, 0x0c, 
  0x00, 0x00, 0x00, 0x10, 0x00, 0x00, 0x00, 0x17, 0x00, 0x00, 0x00, 0x02, 0x00, 0x00, 0x00, 0x00, 
  0x00, 0x00, 0x00, 0x6a, 0x00, 0x00, 0x00, 0x1d, 0x00, 0x00, 0x00, 0x0c, 0x00, 0x00, 0x00, 0x10, 
  0x00, 0x00, 0x00, 0x17, 0x00, 0x00, 0x00, 0x01, 0x00, 0x00, 0x00, 0x00, 0x00, 0x00, 0x00, 0x6b, 
  0x00, 0x00, 0x00, 0x18, 0x00, 0x00, 0x00, 0x0d, 0x00, 0x00, 0x00, 0x10, 0x00, 0x00, 0x00, 0x17, 
  0x00, 0x00, 0x00, 0x02, 0x00, 0x00, 0x00, 0x00, 0x00, 0x00, 0x00, 0x6c, 0x00, 0x00, 0x00, 0x18, 
  0x00, 0x00, 0x00, 0x0e, 0x00, 0x00, 0x00, 0x10, 0x00, 0x00, 0x00, 0x17, 0x00, 0x00, 0x00, 0x01, 
  0x00, 0x00, 0x00, 0x00, 0x00, 0x00, 0x00, 0x6d, 0x00, 0x00, 0x00, 0x11, 0x00, 0x00, 0x00, 0x0e, 
  0x00, 0x00, 0x00, 0x10, 0x00, 0x00, 0x00, 0x10, 0x00, 0x00, 0x00, 0x01, 0x00, 0x00, 0x00, 0x00, 
  0x00, 0x00, 0x00, 0x6e, 0x00, 0x00, 0x00, 0x11, 0x00, 0x00, 0x00, 0x0d, 0x00, 0x00, 0x00, 0x10, 
  0x00, 0x00, 0x00, 0x10, 0x00, 0x00, 0x00, 0x02, 0x00, 0x00, 0x00, 0x00, 0x00, 0x00, 0x00, 0x6f, 
  0x00, 0x00, 0x00, 0x11, 0x00, 0x00, 0x00, 0x0e, 0x00, 0x00, 0x00, 0x10, 0x00, 0x00, 0x00, 0x10, 
  0x00, 0x00, 0x00, 0x01, 0x00, 0x00, 0x00, 0x00, 0x00, 0x00, 0x00, 0x70, 0x00, 0x00, 0x00, 0x16, 
  0x00, 0x00, 0x00, 0x0d, 0x00, 0x00, 0x00, 0x10, 0x00, 0x00, 0x00, 0x10, 0x00, 0x00, 0x00, 0x02, 
  0x00, 0x00, 0x00, 0x00, 0x00, 0x00, 0x00, 0x71, 0x00, 0x00, 0x00, 0x16, 0x00, 0x00, 0x00, 0x0e, 
  0x00, 0x00, 0x00, 0x10, 0x00, 0x00, 0x00, 0x10, 0x00, 0x00, 0x00, 0x01, 0x00, 0x00, 0x00, 0x00, 
  0x00, 0x00, 0x00, 0x72, 0x00, 0x00, 0x00, 0x11, 0x00, 0x00, 0x00, 0x0b, 0x00, 0x00, 0x00, 0x10, 
  0x00, 0x00, 0x00, 0x10, 0x00, 0x00, 0x00, 0x03, 0x00, 0x00, 0x00, 0x00, 0x00, 0x00, 0x00, 0x73, 
  0x00, 0x00, 0x00, 0x11, 0x00, 0x00, 0x00, 0x0c, 0x00, 0x00, 0x00, 0x10, 0x00, 0x00, 0x00, 0x10, 
  0x00, 0x00, 0x00, 0x02, 0x00, 0x00, 0x00, 0x00, 0x00, 0x00, 0x00, 0x74, 0x00, 0x00, 0x00, 0x16, 
  0x00, 0x00, 0x00, 0x0e, 0x00, 0x00, 0x00, 0x10, 0x00, 0x00, 0x00, 0x15, 0x00, 0x00, 0x00, 0x01, 
  0x00, 0x00, 0x00, 0x00, 0x00, 0x00, 0x00, 0x75, 0x00, 0x00, 0x00, 0x11, 0x00, 0x00, 0x00, 0x0d, 
  0x00, 0x00, 0x00, 0x10, 0x00, 0x00, 0x00, 0x10, 0x00, 0x00, 0x00, 0x02, 0x00, 0x00, 0x00, 0x00, 
  0x00, 0x00, 0x00, 0x76, 0x00, 0x00, 0x00, 0x11, 0x00, 0x00, 0x00, 0x0e, 0x00, 0x00, 0x00, 0x10, 
  0x00, 0x00, 0x00, 0x10, 0x00, 0x00, 0x00, 0x01, 0x00, 0x00, 0x00, 0x00, 0x00, 0x00, 0x00, 0x77, 
  0x00, 0x00, 0x00, 0x11, 0x00, 0x00, 0x00, 0x10, 0x00, 0x00, 0x00, 0x10, 0x00, 0x00, 0x00, 0x10, 
  0x00, 0x00, 0x00, 0x00, 0x00, 0x00, 0x00, 0x00, 0x00, 0x00, 0x00, 0x78, 0x00, 0x00, 0x00, 0x11, 
  0x00, 0x00, 0x00, 0x0e, 0x00, 0x00, 0x00, 0x10, 0x00, 0x00, 0x00, 0x10, 0x00, 0x00, 0x00, 0x01, 
  0x00, 0x00, 0x00, 0x00, 0x00, 0x00, 0x00, 0x79, 0x00, 0x00, 0x00, 0x16, 0x00, 0x00, 0x00, 0x0e, 
  0x00, 0x00, 0x00, 0x10, 0x00, 0x00, 0x00, 0x10, 0x00, 0x00, 0x00, 0x01, 0x00, 0x00, 0x00, 0x00, 
  0x00, 0x00, 0x00, 0x7a, 0x00, 0x00, 0x00, 0x11, 0x00, 0x00, 0x00, 0x0d, 0x00, 0x00, 0x00, 0x10, 
  0x00, 0x00, 0x00, 0x10, 0x00, 0x00, 0x00, 0x01, 0x00, 0x00, 0x00, 0x00, 0x00, 0x00, 0x00, 0x7b, 
  0x00, 0x00, 0x00, 0x1f, 0x00, 0x00, 0x00, 0x0a, 0x00, 0x00, 0x00, 0x10, 0x00, 0x00, 0x00, 0x19, 
  0x00, 0x00, 0x00, 0x03, 0x00, 0x00, 0x00, 0x00, 0x00, 0x00, 0x00, 0x7c, 0x00, 0x00, 0x00, 0x1d, 
  0x00, 0x00, 0x00, 0x03, 0x00, 0x00, 0x00, 0x10, 0x00, 0x00, 0x00, 0x19, 0x00, 0x00, 0x00, 0x07, 
  0x00, 0x00, 0x00, 0x00, 0x00, 0x00, 0x00, 0x7d, 0x00, 0x00, 0x00, 0x1f, 0x00, 0x00, 0x00, 0x0a, 
  0x00, 0x00, 0x00, 0x10, 0x00, 0x00, 0x00, 0x1a, 0x00, 0x00, 0x00, 0x03, 0x00, 0x00, 0x00, 0x00, 
  0x00, 0x00, 0x00, 0x7e, 0x00, 0x00, 0x00, 0x06, 0x00, 0x00, 0x00, 0x0e, 0x00, 0x00, 0x00, 0x10, 
  0x00, 0x00, 0x00, 0x0b, 0x00, 0x00, 0x00, 0x01, 0x00, 0x00, 0x00, 0x00, 0x00, 0x00, 0x00, 0xb0, 
  0x00, 0x00, 0x00, 0x07, 0x00, 0x00, 0x00, 0x08, 0x00, 0x00, 0x00, 0x10, 0x00, 0x00, 0x00, 0x1a, 
  0x00, 0x00, 0x00, 0x01, 0x00, 0x00, 0x00, 0x00, 0x00, 0x24, 0xbb, 0x8f, 0x11, 0x40, 0xff, 0xff, 
  0x5e, 0x32, 0xff, 0xff, 0x4c, 0x2b, 0xff, 0xff, 0x39, 0x25, 0xff, 0xff, 0x2f, 0x20, 0xff, 0xff, 
  0x27, 0x1b, 0xff, 0xff, 0x1f, 0x16, 0xff, 0xff, 0x17, 0x12, 0xff, 0xff, 0x0f, 0x0d, 0xff, 0xff, 
  0x07, 0x0a, 0xff, 0xfe, 0x00, 0x06, 0xff, 0xf7, 0x00, 0x01, 0xff, 0xef, 0x00, 0x00, 0xfe, 0xe7, 
  0x00, 0x00, 0xfa, 0xde, 0x00, 0x00, 0xf6, 0xd6, 0x00, 0x02, 0xfe, 0xd4, 0x00, 0x00, 0x7e, 0x8e, 
  0x00, 0x00, 0x00, 0x00, 0x00, 0x00, 0x28, 0x13, 0x00, 0x77, 0xff, 0xed, 0x22, 0xb7, 0xff, 0xff, 
  0x86, 0x57, 0xfe, 0xff, 0x61, 0x00, 0x28, 0x2e, 0x00, 0x01, 0x23, 0x07, 0x00, 0x00, 0x07, 0x23, 
  0x01, 0x7c, 0xff, 0xbf, 0x00, 0x00, 0xc0, 0xff, 0x7b, 0x85, 0xff, 0xc8, 0x00, 0x00, 0xc9, 0xff, 
  0x84, 0x7e, 0xff, 0xc1, 0x00, 0x00, 0xc2, 0xff, 0x7d, 0x77, 0xff, 0xba, 0x00, 0x00, 0xbb, 0xff, 
  0x76, 0x70, 0xff, 0xb3, 0x00, 0x00, 0xb4, 0xff, 0x6f, 0x69, 0xff, 0xab, 0x00, 0x00, 0xad, 0xff, 
  0x67, 0x61, 0xff, 0xa4, 0x00, 0x00, 0xa5, 0xff, 0x60, 0x2e, 0xb8, 0x5c, 0x00, 0x00, 0x5d, 0xb8, 
  0x2e, 0x00, 0x00, 0x00, 0x00, 0x00, 0x5c, 0xe0, 0x60, 0x00, 0x00, 0x08, 0xdd, 0xbe, 0x03, 0x00, 
  0x00, 0x00, 0x00, 0x00, 0x00, 0x00, 0x8c, 0xff, 0x75, 0x00, 0x00, 0x23, 0xff, 0xe4, 0x00, 0x00, 
  0x00, 0x00, 0x00, 0x00, 0x00, 0x00, 0xa9, 0xff, 0x50, 0x00, 0x00, 0x3e, 0xff, 0xb8, 0x00, 0x00, 
  0x00, 0x00, 0x00, 0x00, 0x00, 0x00, 0xc7, 0xff, 0x2f, 0x00, 0x00, 0x59, 0xff, 0x98, 0x00, 0x00, 
  0x00, 0x00, 0x00, 0x00, 0x00, 0x00, 0xe6, 0xff, 0x0f, 0x00, 0x00, 0x76, 0xff, 0x78, 0x00, 0x00, 
  0x00, 0x00, 0x00, 0x00, 0x00, 0x06, 0xfe, 0xef, 0x00, 0x00, 0x00, 0x92, 0xff, 0x58, 0x00, 0x00, 
  0x00, 0x00, 0x45, 0xc7, 0xbf, 0xc3, 0xff, 0xf6, 0xbc, 0xbc, 0xbc, 0xe7, 0xff, 0xcf, 0xc5, 0xbe, 
  0x04, 0x00, 0x59, 0xff, 0xff, 0xff, 0xff, 0xff, 0xff, 0xff, 0xff, 0xff, 0xff, 0xff, 0xff, 0xfe, 
  0x0e, 0x00, 0x03, 0x2e, 0x24, 0x76, 0xff, 0x9f, 0x20, 0x20, 0x20, 0xf3, 0xf9, 0x21, 0x22, 0x1b, 
  0x00, 0x00, 0x00, 0x00, 0x00, 0x7f, 0xff, 0x74, 0x00, 0x00, 0x0d, 0xff, 0xdc, 0x00, 0x00, 0x00, 
  0x00, 0x00, 0x00, 0x00, 0x00, 0x9e, 0xff, 0x55, 0x00, 0x00, 0x2b, 0xff, 0xbd, 0x00, 0x00, 0x00, 
  0x00, 0x00, 0x00, 0x00, 0x00, 0xbd, 0xff, 0x36, 0x00, 0x00, 0x49, 0xff, 0x9e, 0x00, 0x00, 0x00, 
  0x00, 0x00, 0x00, 0x00, 0x00, 0xdc, 0xff, 0x17, 0x00, 0x00, 0x67, 0xff, 0x7f, 0x00, 0x00, 0x00, 
  0x00, 0x00, 0x00, 0x00, 0x01, 0xf9, 0xf7, 0x01, 0x00, 0x00, 0x85, 0xff, 0x60, 0x00, 0x00, 0x00, 
  0x00, 0x10, 0x9b, 0x98, 0x9c, 0xff, 0xf3, 0x94, 0x94, 0x94, 0xd4, 0xff, 0xb6, 0xa0, 0xa6, 0x1d, 
  0x00, 0x26, 0xff, 0xff, 0xff, 0xff, 0xff, 0xff, 0xff, 0xff, 0xff, 0xff, 0xff, 0xff, 0xff, 0x55, 
  0x00, 0x00, 0x4f, 0x4d, 0x8a, 0xff, 0xb3, 0x48, 0x48, 0x48, 0xf0, 0xfe, 0x4a, 0x49, 0x4b, 0x0a, 
  0x00, 0x00, 0x00, 0x00, 0x75, 0xff, 0x7c, 0x00, 0x00, 0x06, 0xfe, 0xe7, 0x00, 0x00, 0x00, 0x00, 
  0x00, 0x00, 0x00, 0x00, 0x94, 0xff, 0x5f, 0x00, 0x00, 0x24, 0xff, 0xc9, 0x00, 0x00, 0x00, 0x00, 
  0x00, 0x00, 0x00, 0x00, 0xb2, 0xff, 0x42, 0x00, 0x00, 0x42, 0xff, 0xab, 0x00, 0x00, 0x00, 0x00, 
  0x00, 0x00, 0x00, 0x00, 0xd1, 0xff, 0x25, 0x00, 0x00, 0x61, 0xff, 0x8e, 0x00, 0x00, 0x00, 0x00, 
  0x00, 0x00, 0x00, 0x05, 0xf9, 0xff, 0x0e, 0x00, 0x00, 0x8f, 0xff, 0x78, 0x00, 0x00, 0x00, 0x00, 
  0x00, 0x00, 0x00, 0x25, 0xff, 0xf1, 0x00, 0x00, 0x00, 0xb8, 0xff, 0x5d, 0x00, 0x00, 0x00, 0x00, 
  0x00, 0x00, 0x00, 0x00, 0x29, 0x12, 0x00, 0x00, 0x00, 0x13, 0x26, 0x00, 0x00, 0x00, 0x00, 0x00, 
  0x00, 0x00, 0x00, 0x00, 0x00, 0x00, 0x00, 0x84, 0x78, 0x0b, 0x00, 0x00, 0x00, 0x00, 0x00, 0x00, 
  0x00, 0x00, 0x00, 0x00, 0x00, 0xde, 0xff, 0x44, 0x00, 0x00, 0x00, 0x00, 0x00, 0x00, 0x00, 0x00, 
  0x00, 0x31, 0x83, 0xf2, 0xff, 0xba, 0x6c, 0x14, 0x00, 0x00, 0x00, 0x00, 0x00, 0x07, 0x9e, 0xfe, 
  0xff, 0xff, 0xff, 0xff, 0xff, 0xf3, 0x6b, 0x00, 0x00, 0x00, 0x03, 0xba, 0xff, 0xf9, 0xa3, 0xe0, 
  0xff, 0x99, 0xe2, 0xff, 0xff, 0x6f, 0x00, 0x00, 0x74, 0xff, 0xf3, 0x3f, 0x00, 0xcc, 0xff, 0x38, 
  0x0c, 0xa3, 0xff, 0xc5, 0x00, 0x01, 0xe2, 0xff, 0x7b, 0x00, 0x00, 0xcc, 0xff, 0x38, 0x00, 0x02, 
  0xa3, 0x8c, 0x00, 0x18, 0xff, 0xff, 0x26, 0x00, 0x00, 0xcc, 0xff, 0x38, 0x00, 0x00, 0x00, 0x00, 
  0x00, 0x25, 0xff, 0xff, 0x13, 0x00, 0x00, 0xcc, 0xff, 0x38, 0x00, 0x00, 0x00, 0x00, 0x00, 0x07, 
  0xf7, 0xff, 0x49, 0x00, 0x00, 0xcc, 0xff, 0x38, 0x00, 0x00, 0x00, 0x00, 0x00, 0x00, 0x99, 0xff, 
  0xde, 0x3a, 0x00, 0xcc, 0xff, 0x38, 0x00, 0x00, 0x00, 0x00, 0x00, 0x00, 0x0e, 0xcb, 0xff, 0xff, 
  0xd0, 0xec, 0xff, 0x38, 0x00, 0x00, 0x00, 0x00, 0x00, 0x00, 0x00, 0x08, 0x81, 0xee, 0xff, 0xff, 
  0xff, 0xe4, 0x91, 0x23, 0x00, 0x00, 0x00, 0x00, 0x00, 0x00, 0x00, 0x07, 0x4a, 0xe3, 0xff, 0xff, 
  0xff, 0xfa, 0x7b, 0x00, 0x00, 0x00, 0x00, 0x00, 0x00, 0x00, 0x00, 0xcc, 0xff, 0x74, 0xb2, 0xff, 
  0xff, 0x82, 0x00, 0x00, 0x00, 0x00, 0x00, 0x00, 0x00, 0xcc, 0xff, 0x38, 0x00, 0x82, 0xff, 0xfc, 
  0x2b, 0x00, 0x00, 0x00, 0x00, 0x00, 0x00, 0xcc, 0xff, 0x38, 0x00, 0x01, 0xda, 0xff, 0x8f, 0x00, 
  0x00, 0x00, 0x00, 0x00, 0x00, 0xcc, 0xff, 0x38, 0x00, 0x00, 0x7f, 0xff, 0xc8, 0x00, 0x00, 0x00, 
  0x00, 0x00, 0x00, 0xcc, 0xff, 0x38, 0x00, 0x00, 0x5f, 0xff, 0xe1, 0x00, 0x07, 0x00, 0x00, 0x00, 
  0x00, 0xcc, 0xff, 0x38, 0x00, 0x00, 0x58, 0xff, 0xdb, 0x8b, 0xd7, 0x0a, 0x00, 0x00, 0x00, 0xcc, 
  0xff, 0x38, 0x00, 0x00, 0x93, 0xff, 0xb7, 0xe1, 0xff, 0xa1, 0x01, 0x00, 0x00, 0xcc, 0xff, 0x38, 
  0x00, 0x1e, 0xf4, 0xff, 0x6c, 0x5e, 0xff, 0xff, 0xa9, 0x13, 0x00, 0xcc, 0xff, 0x38, 0x2c, 0xd7, 
  0xff, 0xe4, 0x0c, 0x00, 0x6f, 0xfd, 0xff, 0xf5, 0xab, 0xe7, 0xff, 0xd1, 0xfc, 0xff, 0xf6, 0x3e, 
  0x00, 0x00, 0x00, 0x44, 0xd0, 0xff, 0xff, 0xff, 0xff, 0xff, 0xff, 0xc3, 0x2f, 0x00, 0x00, 0x00, 
  0x00, 0x00, 0x00, 0x33, 0x60, 0xe5, 0xff, 0x84, 0x27, 0x00, 0x00, 0x00, 0x00, 0x00, 0x00, 0x00, 
  0x00, 0x00, 0x00, 0xd3, 0xff, 0x47, 0x00, 0x00, 0x00, 0x00, 0x00, 0x00, 0x00, 0x00, 0x00, 0x00, 
  0x00, 0xd9, 0xff, 0x4b, 0x00, 0x00, 0x00, 0x00, 0x00, 0x00, 0x00, 0x00, 0x00, 0x00, 0x00, 0x83, 
  0xe1, 0x41, 0x00, 0x00, 0x00, 0x00, 0x00, 0x00, 0x00, 0x00, 0x06, 0x00, 0x00, 0x00, 0x00, 0x00, 
  0x01, 0x87, 0x20, 0x00, 0x00, 0x00, 0x19, 0xa4, 0xfd, 0xd0, 0x24, 0x00, 0x00, 0x00, 0x2f, 0xff, 
  0xbe, 0x00, 0x00, 0x0d, 0xe9, 0xfe, 0xc6, 0xfd, 0xcb, 0x00, 0x00, 0x00, 0x77, 0xff, 0x8a, 0x00, 
  0x00, 0x69, 0xff, 0x89, 0x00, 0x8f, 0xff, 0x3d, 0x00, 0x00, 0xcb, 0xff, 0x2e, 0x00, 0x00, 0xac, 
  0xff, 0x1a, 0x00, 0x44, 0xff, 0x7f, 0x00, 0x24, 0xff, 0xd3, 0x00, 0x00, 0x00, 0xd0, 0xee, 0x00, 
  0x00, 0x1c, 0xff, 0xa5, 0x00, 0x7c, 0xff, 0x7a, 0x00, 0x00, 0x00, 0xdc, 0xe2, 0x00, 0x00, 0x10, 
  0xff, 0xb3, 0x00, 0xd4, 0xff, 0x21, 0x00, 0x00, 0x00, 0xcc, 0xec, 0x00, 0x00, 0x1a, 0xff, 0xaa, 
  0x2d, 0xff, 0xc7, 0x00, 0x00, 0x00, 0x00, 0xb4, 0xfc, 0x09, 0x00, 0x34, 0xff, 0x8a, 0x85, 0xff, 
  0x6e, 0x00, 0x00, 0x00, 0x00, 0x76, 0xff, 0x4e, 0x00, 0x79, 0xff, 0x4e, 0xdc, 0xfd, 0x18, 0x00, 
  0x00, 0x00, 0x00, 0x1f, 0xfb, 0xe7, 0x97, 0xf3, 0xe2, 0x3b, 0xff, 0xbc, 0x00, 0x00, 0x00, 0x00, 
  0x00, 0x00, 0x6a, 0xfa, 0xff, 0xed, 0x3c, 0x8e, 0xff, 0x63, 0x00, 0x00, 0x00, 0x00, 0x00, 0x00, 
  0x00, 0x15, 0x35, 0x0c, 0x01, 0xe3, 0xf9, 0x11, 0x00, 0x00, 0x00, 0x00, 0x00, 0x00, 0x00, 0x00, 
  0x00, 0x00, 0x3e, 0xff, 0xb2, 0x00, 0x0e, 0x76, 0x6c, 0x0a, 0x00, 0x00, 0x00, 0x00, 0x00, 0x00, 
  0x97, 0xff, 0x5a, 0x48, 0xd8, 0xff, 0xff, 0xc9, 0x04, 0x00, 0x00, 0x00, 0x00, 0x04, 0xea, 0xf5, 
  0x0f, 0xe2, 0xfa, 0x5d, 0xa2, 0xff, 0x5d, 0x00, 0x00, 0x00, 0x00, 0x47, 0xff, 0xa9, 0x41, 0xff, 
  0x92, 0x00, 0x17, 0xff, 0xb1, 0x00, 0x00, 0x00, 0x00, 0x9f, 0xff, 0x50, 0x75, 0xff, 0x51, 0x00, 
  0x00, 0xda, 0xe4, 0x00, 0x00, 0x00, 0x07, 0xf0, 0xf0, 0x07, 0x8c, 0xff, 0x39, 0x00, 0x00, 0xc1, 
  0xf9, 0x00, 0x00, 0x00, 0x50, 0xff, 0x9f, 0x00, 0x8b, 0xff, 0x3a, 0x00, 0x00, 0xbf, 0xfd, 0x00, 
  0x00, 0x00, 0xa8, 0xff, 0x47, 0x00, 0x75, 0xff, 0x4d, 0x00, 0x00, 0xce, 0xeb, 0x00, 0x00, 0x0d, 
  0xf5, 0xeb, 0x04, 0x00, 0x51, 0xff, 0x78, 0x00, 0x06, 0xf7, 0xbf, 0x00, 0x00, 0x6b, 0xff, 0x98, 
  0x00, 0x00, 0x0a, 0xf5, 0xde, 0x19, 0x78, 0xff, 0x73, 0x00, 0x00, 0xc7, 0xff, 0x45, 0x00, 0x00, 
  0x00, 0x8c, 0xff, 0xff, 0xff, 0xe0, 0x0e, 0x00, 0x00, 0x70, 0xdb, 0x04, 0x00, 0x00, 0x00, 0x02, 
  0x73, 0xb9, 0x9c, 0x1e, 0x00, 0x00, 0x00, 0x00, 0x03, 0x69, 0xb2, 0xb2, 0x6d, 0x06, 0x00, 0x00, 
  0x00, 0x00, 0x00, 0x00, 0x00, 0x00, 0x01, 0xb1, 0xff, 0xff, 0xff, 0xff, 0xbc, 0x04, 0x00, 0x00, 
  0x00, 0x00, 0x00, 0x00, 0x00, 0x5f, 0xff, 0xe6, 0x48, 0x41, 0xde, 0xff, 0x59, 0x00, 0x00, 0x00, 
  0x00, 0x00, 0x00, 0x00, 0xbd, 0xff, 0x61, 0x00, 0x00, 0x76, 0xff, 0x97, 0x00, 0x00, 0x00, 0x00, 
  0x00, 0x00, 0x00, 0xe8, 0xff, 0x29, 0x00, 0x00, 0x66, 0xff, 0x9e, 0x00, 0x00, 0x00, 0x00, 0x00, 
  0x00, 0x00, 0xed, 0xff, 0x22, 0x00, 0x00, 0x94, 0xff, 0x77, 0x00, 0x00, 0x00, 0x00, 0x00, 0x00, 
  0x00, 0xcf, 0xff, 0x3f, 0x00, 0x13, 0xf1, 0xfc, 0x21, 0x00, 0x00, 0x00, 0x00, 0x00, 0x00, 0x00, 
  0x96, 0xff, 0x78, 0x02, 0xb3, 0xff, 0x92, 0x00, 0x00, 0x00, 0x00, 0x00, 0x00, 0x00, 0x00, 0x4a, 
  0xff, 0xc4, 0xa2, 0xff, 0xce, 0x09, 0x00, 0x00, 0x00, 0x00, 0x00, 0x00, 0x00, 0x00, 0x05, 0xe9, 
  0xff, 0xff, 0xd4, 0x15, 0x00, 0x00, 0x00, 0x00, 0x00, 0x00, 0x00, 0x00, 0x00, 0x0b, 0xd7, 0xff, 
  0xe3, 0x17, 0x00, 0x00, 0x00, 0x00, 0x5c, 0x56, 0x00, 0x00, 0x00, 0x02, 0xb1, 0xff, 0xff, 0xf8, 
  0x1e, 0x00, 0x00, 0x00, 0x02, 0xf0, 0xff, 0x23, 0x00, 0x00, 0x5f, 0xff, 0xd7, 0xa2, 0xff, 0xa1, 
  0x00, 0x00, 0x00, 0x2c, 0xff, 0xfa, 0x0a, 0x00, 0x05, 0xe1, 0xff, 0x36, 0x18, 0xf4, 0xfd, 0x2e, 
  0x00, 0x00, 0x65, 0xff, 0xc3, 0x00, 0x00, 0x44, 0xff, 0xbd, 0x00, 0x00, 0x7a, 0xff, 0xbd, 0x00, 
  0x00, 0xa7, 0xff, 0x76, 0x00, 0x00, 0x8c, 0xff, 0x6f, 0x00, 0x00, 0x07, 0xdb, 0xff, 0x5c, 0x0e, 
  0xf6, 0xfe, 0x1f, 0x00, 0x00, 0xb5, 0xff, 0x3b, 0x00, 0x00, 0x00, 0x47, 0xff, 0xe9, 0x74, 0xff, 
  0xb8, 0x00, 0x00, 0x00, 0xcb, 0xff, 0x25, 0x00, 0x00, 0x00, 0x00, 0xa7, 0xff, 0xfd, 0xff, 0x4b, 
  0x00, 0x00, 0x00, 0xd1, 0xff, 0x29, 0x00, 0x00, 0x00, 0x00, 0x16, 0xed, 0xff, 0xd0, 0x00, 0x00, 
  0x00, 0x00, 0xb5, 0xff, 0x55, 0x00, 0x00, 0x00, 0x00, 0x14, 0xe5, 0xff, 0xdd, 0x0b, 0x00, 0x00, 
  0x00, 0x70, 0xff, 0xc1, 0x01, 0x00, 0x00, 0x0d, 0xc1, 0xff, 0xf9, 0xff, 0x9c, 0x00, 0x00, 0x00, 
  0x0f, 0xe8, 0xff, 0xb6, 0x61, 0x7a, 0xe1, 0xff, 0xd6, 0x28, 0xe5, 0xff, 0x76, 0x00, 0x00, 0x00, 
  0x39, 0xe9, 0xff, 0xff, 0xff, 0xff, 0xc3, 0x1a, 0x00, 0x27, 0xd8, 0xff, 0xa9, 0x1a, 0x00, 0x00, 
  0x0f, 0x5e, 0x83, 0x78, 0x3f, 0x01, 0x00, 0x00, 0x00, 0x04, 0x4d, 0x78, 0x43, 0x00, 0x16, 0x20, 
  0x00, 0x22, 0xfd, 0xff, 0x24, 0x29, 0xff, 0xff, 0x28, 0x21, 0xff, 0xff, 0x20, 0x19, 0xff, 0xff, 
  0x18, 0x12, 0xff, 0xff, 0x11, 0x0a, 0xff, 0xff, 0x09, 0x02, 0xff, 0xff, 0x01, 0x00, 0x9e, 0xa0, 
  0x00, 0x00, 0x00, 0x00, 0x00, 0x00, 0x00, 0x00, 0x0e, 0x2b, 0x00, 0x00, 0x00, 0x00, 0x00, 0x00, 
  0x24, 0xdd, 0xa0, 0x00, 0x00, 0x00, 0x00, 0x00, 0x1c, 0xe4, 0xd6, 0x0f, 0x00, 0x00, 0x00, 0x00, 
  0x05, 0xc8, 0xf7, 0x27, 0x00, 0x00, 0x00, 0x00, 0x00, 0x7e, 0xff, 0x7a, 0x00, 0x00, 0x00, 0x00, 
  0x00, 0x26, 0xf9, 0xe5, 0x07, 0x00, 0x00, 0x00, 0x00, 0x00, 0xb0, 0xff, 0x71, 0x00, 0x00, 0x00, 
  0x00, 0x00, 0x38, 0xff, 0xf8, 0x10, 0x00, 0x00, 0x00, 0x00, 0x00, 0xac, 0xff, 0xac, 0x00, 0x00, 
  0x00, 0x00, 0x00, 0x1f, 0xfd, 0xff, 0x5b, 0x00, 0x00, 0x00, 0x00, 0x00, 0x74, 0xff, 0xfe, 0x16, 
  0x00, 0x00, 0x00, 0x00, 0x00, 0xc4, 0xff, 0xd3, 0x00, 0x00, 0x00, 0x00, 0x00, 0x08, 0xfc, 0xff, 
  0x9c, 0x00, 0x00, 0x00, 0x00, 0x00, 0x34, 0xff, 0xff, 0x6b, 0x00, 0x00, 0x00, 0x00, 0x00, 0x5d, 
  0xff, 0xff, 0x47, 0x00, 0x00, 0x00, 0x00, 0x00, 0x6f, 0xff, 0xff, 0x2c, 0x00, 0x00, 0x00, 0x00, 
  0x00, 0x7e, 0xff, 0xff, 0x20, 0x00, 0x00, 0x00, 0x00, 0x00, 0x7a, 0xff, 0xff, 0x24, 0x00, 0x00, 
  0x00, 0x00, 0x00, 0x69, 0xff, 0xff, 0x34, 0x00, 0x00, 0x00, 0x00, 0x00, 0x4c, 0xff, 0xff, 0x57, 
  0x00, 0x00, 0x00, 0x00, 0x00, 0x19, 0xff, 0xff, 0x84, 0x00, 0x00, 0x00, 0x00, 0x00, 0x00, 0xdf, 
  0xff, 0xbf, 0x00, 0x00, 0x00, 0x00, 0x00, 0x00, 0x89, 0xff, 0xf8, 0x0c, 0x00, 0x00, 0x00, 0x00, 
  0x00, 0x2b, 0xfe, 0xff, 0x55, 0x00, 0x00, 0x00, 0x00, 0x00, 0x00, 0xab, 0xff, 0xb4, 0x00, 0x00, 
  0x00, 0x00, 0x00, 0x00, 0x28, 0xfa, 0xfd, 0x20, 0x00, 0x00, 0x00, 0x00, 0x00, 0x00, 0x7e, 0xff, 
  0x9f, 0x00, 0x00, 0x00, 0x00, 0x00, 0x00, 0x04, 0xc5, 0xfd, 0x36, 0x00, 0x00, 0x00, 0x00, 0x00, 
  0x00, 0x1b, 0xe6, 0xdb, 0x0f, 0x00, 0x00, 0x00, 0x00, 0x00, 0x00, 0x2d, 0xeb, 0xc6, 0x0c, 0x00, 
  0x00, 0x00, 0x00, 0x00, 0x00, 0x22, 0xce, 0x66, 0x00, 0x00, 0x00, 0x00, 0x00, 0x00, 0x00, 0x02, 
  0x02, 0x2b, 0x0e, 0x00, 0x00, 0x00, 0x00, 0x00, 0x00, 0x00, 0xa5, 0xe0, 0x29, 0x00, 0x00, 0x00, 
  0x00, 0x00, 0x00, 0x12, 0xdb, 0xe5, 0x1b, 0x00, 0x00, 0x00, 0x00, 0x00, 0x00, 0x2d, 0xfa, 0xc6, 
  0x04, 0x00, 0x00, 0x00, 0x00, 0x00, 0x00, 0x81, 0xff, 0x7b, 0x00, 0x00, 0x00, 0x00, 0x00, 0x00, 
  0x0a, 0xe9, 0xf8, 0x26, 0x00, 0x00, 0x00, 0x00, 0x00, 0x00, 0x76, 0xff, 0xb4, 0x00, 0x00, 0x00, 
  0x00, 0x00, 0x00, 0x12, 0xf9, 0xff, 0x3e, 0x00, 0x00, 0x00, 0x00, 0x00, 0x00, 0xae, 0xff, 0xb0, 
  0x00, 0x00, 0x00, 0x00, 0x00, 0x00, 0x5c, 0xff, 0xfd, 0x21, 0x00, 0x00, 0x00, 0x00, 0x00, 0x17, 
  0xfe, 0xff, 0x74, 0x00, 0x00, 0x00, 0x00, 0x00, 0x00, 0xd4, 0xff, 0xc4, 0x00, 0x00, 0x00, 0x00, 
  0x00, 0x00, 0x9e, 0xff, 0xfb, 0x07, 0x00, 0x00, 0x00, 0x00, 0x00, 0x6c, 0xff, 0xff, 0x32, 0x00, 
  0x00, 0x00, 0x00, 0x00, 0x49, 0xff, 0xff, 0x5c, 0x00, 0x00, 0x00, 0x00, 0x00, 0x2e, 0xff, 0xff, 
  0x6e, 0x00, 0x00, 0x00, 0x00, 0x00, 0x21, 0xff, 0xff, 0x7d, 0x00, 0x00, 0x00, 0x00, 0x00, 0x25, 
  0xff, 0xff, 0x78, 0x00, 0x00, 0x00, 0x00, 0x00, 0x35, 0xff, 0xff, 0x68, 0x00, 0x00, 0x00, 0x00, 
  0x00, 0x59, 0xff, 0xff, 0x4b, 0x00, 0x00, 0x00, 0x00, 0x00, 0x85, 0xff, 0xff, 0x19, 0x00, 0x00, 
  0x00, 0x00, 0x00, 0xc0, 0xff, 0xde, 0x00, 0x00, 0x00, 0x00, 0x00, 0x0d, 0xf9, 0xff, 0x88, 0x00, 
  0x00, 0x00, 0x00, 0x00, 0x56, 0xff, 0xfe, 0x2c, 0x00, 0x00, 0x00, 0x00, 0x00, 0xb5, 0xff, 0xae, 
  0x00, 0x00, 0x00, 0x00, 0x00, 0x20, 0xfd, 0xfc, 0x2d, 0x00, 0x00, 0x00, 0x00, 0x00, 0xa1, 0xff, 
  0x86, 0x00, 0x00, 0x00, 0x00, 0x00, 0x39, 0xfd, 0xcd, 0x07, 0x00, 0x00, 0x00, 0x00, 0x12, 0xde, 
  0xeb, 0x21, 0x00, 0x00, 0x00, 0x00, 0x0e, 0xcb, 0xee, 0x34, 0x00, 0x00, 0x00, 0x00, 0x00, 0x69, 
  0xd0, 0x26, 0x00, 0x00, 0x00, 0x00, 0x00, 0x00, 0x02, 0x02, 0x00, 0x00, 0x00, 0x00, 0x00, 0x00, 
  0x00, 0x00, 0x00, 0x00, 0x00, 0x00, 0x00, 0x30, 0x64, 0x0b, 0x00, 0x00, 0x00, 0x00, 0x00, 0x00, 
  0x00, 0x00, 0x00, 0x00, 0x00, 0xf0, 0xff, 0x5a, 0x00, 0x00, 0x00, 0x00, 0x00, 0x00, 0x00, 0x00, 
  0x00, 0x00, 0x00, 0xf2, 0xff, 0x57, 0x00, 0x00, 0x00, 0x00, 0x00, 0x00, 0x00, 0x00, 0x00, 0x00, 
  0x00, 0xe3, 0xff, 0x50, 0x00, 0x00, 0x00, 0x00, 0x00, 0x00, 0x51, 0x1b, 0x00, 0x00, 0x00, 0xda, 
  0xff, 0x49, 0x00, 0x00, 0x01, 0x4c, 0x05, 0x19, 0xfd, 0xe3, 0x2e, 0x00, 0x00, 0xd6, 0xff, 0x42, 
  0x00, 0x04, 0xa6, 0xff, 0x76, 0x26, 0xfe, 0xff, 0xf1, 0x45, 0x00, 0xd2, 0xff, 0x3b, 0x0e, 0xb9, 
  0xff, 0xff, 0x98, 0x00, 0x4b, 0xe7, 0xff, 0xfb, 0x61, 0xce, 0xff, 0x56, 0xd4, 0xff, 0xff, 0x92, 
  0x08, 0x00, 0x00, 0x15, 0xb4, 0xff, 0xff, 0xf8, 0xff, 0xf9, 0xff, 0xec, 0x4c, 0x00, 0x00, 0x00, 
  0x00, 0x00, 0x00, 0x6c, 0xf7, 0xff, 0xff, 0xff, 0xc0, 0x1b, 0x00, 0x00, 0x00, 0x00, 0x00, 0x00, 
  0x00, 0x1e, 0xce, 0xff, 0xff, 0xfe, 0x63, 0x00, 0x00, 0x00, 0x00, 0x00, 0x00, 0x00, 0x58, 0xef, 
  0xff, 0xff, 0xff, 0xff, 0xff, 0xa2, 0x0c, 0x00, 0x00, 0x00, 0x0e, 0xa2, 0xff, 0xff, 0xb9, 0xe0, 
  0xff, 0x98, 0xfd, 0xff, 0xd9, 0x32, 0x00, 0x21, 0xde, 0xff, 0xff, 0x97, 0x04, 0xdb, 0xff, 0x32, 
  0x51, 0xf5, 0xff, 0xf9, 0x4d, 0x3e, 0xff, 0xfe, 0x76, 0x00, 0x00, 0xe1, 0xff, 0x3a, 0x00, 0x32, 
  0xe5, 0xff, 0x87, 0x01, 0x95, 0x53, 0x00, 0x00, 0x00, 0xe7, 0xff, 0x43, 0x00, 0x00, 0x20, 0xbf, 
  0x29, 0x00, 0x00, 0x00, 0x00, 0x00, 0x00, 0xee, 0xff, 0x4b, 0x00, 0x00, 0x00, 0x00, 0x00, 0x00, 
  0x00, 0x00, 0x00, 0x00, 0x00, 0xf7, 0xff, 0x53, 0x00, 0x00, 0x00, 0x00, 0x00, 0x00, 0x00, 0x00, 
  0x00, 0x00, 0x02, 0xff, 0xff, 0x5b, 0x00, 0x00, 0x00, 0x00, 0x00, 0x00, 0x00, 0x00, 0x00, 0x00, 
  0x00, 0xa7, 0xbd, 0x21, 0x00, 0x00, 0x00, 0x00, 0x00, 0x00, 0x00, 0x00, 0x00, 0x00, 0x04, 0xbc, 
  0x8f, 0x00, 0x00, 0x00, 0x00, 0x00, 0x00, 0x00, 0x00, 0x00, 0x00, 0x00, 0x08, 0xff, 0xed, 0x00, 
  0x00, 0x00, 0x00, 0x00, 0x00, 0x00, 0x00, 0x00, 0x00, 0x00, 0x02, 0xff, 0xe5, 0x00, 0x00, 0x00, 
  0x00, 0x00, 0x00, 0x00, 0x00, 0x00, 0x00, 0x00, 0x00, 0xff, 0xe0, 0x00, 0x00, 0x00, 0x00, 0x00, 
  0x00, 0x00, 0x00, 0x00, 0x00, 0x00, 0x00, 0xfe, 0xdd, 0x00, 0x00, 0x00, 0x00, 0x00, 0x00, 0x00, 
  0x00, 0x00, 0x00, 0x00, 0x00, 0xfd, 0xdc, 0x00, 0x00, 0x00, 0x00, 0x00, 0x00, 0x00, 0x03, 0x00, 
  0x00, 0x00, 0x00, 0xfd, 0xdc, 0x00, 0x00, 0x00, 0x03, 0x09, 0x00, 0x67, 0xff, 0xfd, 0xfa, 0xf8, 
  0xf8, 0xff, 0xfe, 0xf8, 0xf9, 0xfd, 0xff, 0xff, 0x3f, 0x4d, 0xf4, 0xec, 0xe8, 0xe6, 0xe5, 0xff, 
  0xfc, 0xe4, 0xe4, 0xe4, 0xe4, 0xe7, 0x46, 0x00, 0x00, 0x00, 0x00, 0x00, 0x00, 0xfd, 0xdc, 0x00, 
  0x00, 0x00, 0x00, 0x00, 0x00, 0x00, 0x00, 0x00, 0x00, 0x00, 0x00, 0xfd, 0xdc, 0x00, 0x00, 0x00, 
  0x00, 0x00, 0x00, 0x00, 0x00, 0x00, 0x00, 0x00, 0x00, 0xff, 0xdc, 0x00, 0x00, 0x00, 0x00, 0x00, 
  0x00, 0x00, 0x00, 0x00, 0x00, 0x00, 0x02, 0xff, 0xdd, 0x00, 0x00, 0x00, 0x00, 0x00, 0x00, 0x00, 
  0x00, 0x00, 0x00, 0x00, 0x07, 0xff, 0xe0, 0x00, 0x00, 0x00, 0x00, 0x00, 0x00, 0x00, 0x00, 0x00, 
  0x00, 0x00, 0x0e, 0xff, 0xe3, 0x00, 0x00, 0x00, 0x00, 0x00, 0x00, 0x00, 0x00, 0x00, 0x00, 0x00, 
  0x0a, 0xe9, 0xd0, 0x00, 0x00, 0x00, 0x00, 0x00, 0x00, 0x00, 0x00, 0x00, 0x00, 0x00, 0x00, 0x03, 
  0x05, 0x00, 0x00, 0x00, 0x00, 0x00, 0x00, 0x00, 0x5b, 0xd8, 0xd0, 0x32, 0x00, 0x17, 0xfc, 0xff, 
  0xff, 0xd9, 0x00, 0x18, 0xff, 0xff, 0xff, 0xff, 0x22, 0x00, 0x98, 0xff, 0xff, 0xff, 0x13, 0x00, 
  0x00, 0xa0, 0xff, 0xb6, 0x00, 0x00, 0x2b, 0xf6, 0xed, 0x1d, 0x00, 0x2e, 0xe3, 0xf6, 0x45, 0x00, 
  0x00, 0xb3, 0xc2, 0x2f, 0x00, 0x00, 0x00, 0x0b, 0xd2, 0xd6, 0xd3, 0xd0, 0xd0, 0xd0, 0xd0, 0xd2, 
  0xd5, 0xda, 0x32, 0x0d, 0xf8, 0xff, 0xff, 0xff, 0xff, 0xff, 0xff, 0xff, 0xff, 0xff, 0x5e, 0x00, 
  0x15, 0x16, 0x11, 0x0e, 0x0d, 0x0c, 0x0d, 0x0e, 0x12, 0x18, 0x01, 0x00, 0x54, 0xd3, 0xb9, 0x1d, 
  0x00, 0x17, 0xf9, 0xff, 0xff, 0xcb, 0x00, 0x2c, 0xff, 0xff, 0xff, 0xff, 0x1c, 0x03, 0xd6, 0xff, 
  0xff, 0xe7, 0x06, 0x00, 0x23, 0xb4, 0xb2, 0x2c, 0x00, 0x00, 0x00, 0x00, 0x00, 0x00, 0x00, 0x00, 
  0x00, 0x00, 0x00, 0x00, 0x00, 0x33, 0x00, 0x00, 0x00, 0x00, 0x00, 0x00, 0x00, 0x00, 0x00, 0x00, 
  0x00, 0x00, 0x40, 0xff, 0x7b, 0x00, 0x00, 0x00, 0x00, 0x00, 0x00, 0x00, 0x00, 0x00, 0x00, 0x00, 
  0xab, 0xff, 0x96, 0x00, 0x00, 0x00, 0x00, 0x00, 0x00, 0x00, 0x00, 0x00, 0x00, 0x1a, 0xfb, 0xf4, 
  0x18, 0x00, 0x00, 0x00, 0x00, 0x00, 0x00, 0x00, 0x00, 0x00, 0x00, 0x86, 0xff, 0x87, 0x00, 0x00, 
  0x00, 0x00, 0x00, 0x00, 0x00, 0x00, 0x00, 0x00, 0x09, 0xec, 0xf9, 0x19, 0x00, 0x00, 0x00, 0x00, 
  0x00, 0x00, 0x00, 0x00, 0x00, 0x00, 0x68, 0xff, 0xa1, 0x00, 0x00, 0x00, 0x00, 0x00, 0x00, 0x00, 
  0x00, 0x00, 0x00, 0x01, 0xd7, 0xff, 0x2f, 0x00, 0x00, 0x00, 0x00, 0x00, 0x00, 0x00, 0x00, 0x00, 
  0x00, 0x4a, 0xff, 0xbd, 0x00, 0x00, 0x00, 0x00, 0x00, 0x00, 0x00, 0x00, 0x00, 0x00, 0x00, 0xbb, 
  0xff, 0x4b, 0x00, 0x00, 0x00, 0x00, 0x00, 0x00, 0x00, 0x00, 0x00, 0x00, 0x2c, 0xff, 0xd8, 0x01, 
  0x00, 0x00, 0x00, 0x00, 0x00, 0x00, 0x00, 0x00, 0x00, 0x00, 0x9d, 0xff, 0x68, 0x00, 0x00, 0x00, 
  0x00, 0x00, 0x00, 0x00, 0x00, 0x00, 0x00, 0x16, 0xf8, 0xec, 0x09, 0x00, 0x00, 0x00, 0x00, 0x00, 
  0x00, 0x00, 0x00, 0x00, 0x00, 0x7f, 0xff, 0x84, 0x00, 0x00, 0x00, 0x00, 0x00, 0x00, 0x00, 0x00, 
  0x00, 0x00, 0x07, 0xe8, 0xf9, 0x19, 0x00, 0x00, 0x00, 0x00, 0x00, 0x00, 0x00, 0x00, 0x00, 0x00, 
  0x61, 0xff, 0xa0, 0x00, 0x00, 0x00, 0x00, 0x00, 0x00, 0x00, 0x00, 0x00, 0x00, 0x00, 0xd1, 0xff, 
  0x2f, 0x00, 0x00, 0x00, 0x00, 0x00, 0x00, 0x00, 0x00, 0x00, 0x00, 0x44, 0xff, 0xbd, 0x00, 0x00, 
  0x00, 0x00, 0x00, 0x00, 0x00, 0x00, 0x00, 0x00, 0x00, 0xb5, 0xff, 0x4b, 0x00, 0x00, 0x00, 0x00, 
  0x00, 0x00, 0x00, 0x00, 0x00, 0x00, 0x27, 0xfe, 0xd7, 0x01, 0x00, 0x00, 0x00, 0x00, 0x00, 0x00, 
  0x00, 0x00, 0x00, 0x00, 0x97, 0xff, 0x67, 0x00, 0x00, 0x00, 0x00, 0x00, 0x00, 0x00, 0x00, 0x00, 
  0x00, 0x12, 0xf5, 0xeb, 0x09, 0x00, 0x00, 0x00, 0x00, 0x00, 0x00, 0x00, 0x00, 0x00, 0x00, 0x79, 
  0xff, 0x83, 0x00, 0x00, 0x00, 0x00, 0x00, 0x00, 0x00, 0x00, 0x00, 0x00, 0x05, 0xe4, 0xf9, 0x18, 
  0x00, 0x00, 0x00, 0x00, 0x00, 0x00, 0x00, 0x00, 0x00, 0x00, 0x5b, 0xff, 0xa0, 0x00, 0x00, 0x00, 
  0x00, 0x00, 0x00, 0x00, 0x00, 0x00, 0x00, 0x03, 0xd6, 0xff, 0x2e, 0x00, 0x00, 0x00, 0x00, 0x00, 
  0x00, 0x00, 0x00, 0x00, 0x00, 0x5f, 0xff, 0xc1, 0x00, 0x00, 0x00, 0x00, 0x00, 0x00, 0x00, 0x00, 
  0x00, 0x00, 0x00, 0x4c, 0xfe, 0x57, 0x00, 0x00, 0x00, 0x00, 0x00, 0x00, 0x00, 0x00, 0x00, 0x00, 
  0x00, 0x00, 0x2b, 0x02, 0x00, 0x00, 0x00, 0x00, 0x00, 0x00, 0x00, 0x00, 0x00, 0x00, 0x00, 0x00, 
  0x00, 0x00, 0x00, 0x00, 0x3a, 0xa8, 0xc8, 0xac, 0x56, 0x00, 0x00, 0x00, 0x00, 0x00, 0x00, 0x00, 
  0x08, 0x6a, 0xfd, 0xff, 0xff, 0xff, 0xff, 0xad, 0x05, 0x00, 0x00, 0x00, 0x00, 0x5f, 0xf8, 0xfe, 
  0xf0, 0x6c, 0x3e, 0x80, 0xf9, 0xff, 0x7d, 0x00, 0x00, 0x00, 0x08, 0xe9, 0xff, 0xf7, 0x36, 0x00, 
  0x00, 0x00, 0x59, 0xff, 0xf8, 0x22, 0x00, 0x00, 0x5a, 0xff, 0xff, 0x75, 0x00, 0x00, 0x00, 0x00, 
  0x6d, 0xff, 0xff, 0x85, 0x00, 0x00, 0xaf, 0xff, 0xe6, 0x07, 0x00, 0x00, 0x00, 0x06, 0xe3, 0xff, 
  0xff, 0xe0, 0x01, 0x04, 0xf3, 0xff, 0x81, 0x00, 0x00, 0x00, 0x00, 0x68, 0xff, 0xd2, 0xff, 0xff, 
  0x21, 0x2f, 0xff, 0xff, 0x34, 0x00, 0x00, 0x00, 0x05, 0xe0, 0xff, 0x44, 0xeb, 0xff, 0x4f, 0x5c, 
  0xff, 0xf7, 0x02, 0x00, 0x00, 0x00, 0x63, 0xff, 0xc6, 0x00, 0xc1, 0xff, 0x79, 0x7a, 0xff, 0xd0, 
  0x00, 0x00, 0x00, 0x03, 0xdc, 0xff, 0x48, 0x00, 0xad, 0xff, 0x8b, 0x90, 0xff, 0xb7, 0x00, 0x00, 
  0x00, 0x5e, 0xff, 0xc9, 0x00, 0x00, 0xa1, 0xff, 0x98, 0x9a, 0xff, 0xab, 0x00, 0x00, 0x02, 0xd8, 
  0xff, 0x4b, 0x00, 0x00, 0x97, 0xff, 0xa4, 0x9c, 0xff, 0xa5, 0x00, 0x00, 0x59, 0xff, 0xcd, 0x00, 
  0x00, 0x00, 0xa0, 0xff, 0x9e, 0x93, 0xff, 0xa9, 0x00, 0x01, 0xd4, 0xff, 0x4f, 0x00, 0x00, 0x00, 
  0xab, 0xff, 0x93, 0x85, 0xff, 0xb5, 0x00, 0x54, 0xff, 0xd0, 0x01, 0x00, 0x00, 0x00, 0xbf, 0xff, 
  0x7b, 0x66, 0xff, 0xc8, 0x01, 0xd0, 0xff, 0x53, 0x00, 0x00, 0x00, 0x00, 0xe4, 0xff, 0x58, 0x41, 
  0xff, 0xe7, 0x4f, 0xff, 0xd3, 0x01, 0x00, 0x00, 0x00, 0x0d, 0xfe, 0xff, 0x2a, 0x0c, 0xfb, 0xff, 
  0xd9, 0xff, 0x57, 0x00, 0x00, 0x00, 0x00, 0x50, 0xff, 0xea, 0x01, 0x00, 0xc4, 0xff, 0xff, 0xd6, 
  0x02, 0x00, 0x00, 0x00, 0x00, 0x9f, 0xff, 0x9f, 0x00, 0x00, 0x65, 0xff, 0xff, 0x5a, 0x00, 0x00, 
  0x00, 0x00, 0x24, 0xfa, 0xff, 0x3e, 0x00, 0x00, 0x0b, 0xe7, 0xff, 0x83, 0x00, 0x00, 0x00, 0x09, 
  0xc1, 0xff, 0xbd, 0x00, 0x00, 0x00, 0x00, 0x4b, 0xfc, 0xff, 0xc5, 0x7c, 0x83, 0xdc, 0xff, 0xee, 
  0x25, 0x00, 0x00, 0x00, 0x00, 0x00, 0x4d, 0xea, 0xff, 0xff, 0xff, 0xff, 0xdd, 0x2f, 0x00, 0x00, 
  0x00, 0x00, 0x00, 0x00, 0x00, 0x0e, 0x5c, 0x89, 0x82, 0x53, 0x04, 0x00, 0x00, 0x00, 0x00, 0x00, 
  0x00, 0x00, 0x00, 0x00, 0x6a, 0x8c, 0x09, 0x00, 0x00, 0x00, 0x00, 0x00, 0x00, 0x00, 0x00, 0x09, 
  0x86, 0xff, 0xff, 0x71, 0x00, 0x00, 0x00, 0x00, 0x00, 0x00, 0x00, 0x58, 0xe1, 0xff, 0xff, 0xff, 
  0x6c, 0x00, 0x00, 0x00, 0x00, 0x00, 0x31, 0xc5, 0xff, 0xff, 0xd4, 0xfa, 0xff, 0x5c, 0x00, 0x00, 
  0x00, 0x00, 0x00, 0xb0, 0xff, 0xf6, 0x79, 0x05, 0xf5, 0xff, 0x58, 0x00, 0x00, 0x00, 0x00, 0x00, 
  0x2b, 0x90, 0x22, 0x00, 0x00, 0xf5, 0xff, 0x58, 0x00, 0x00, 0x00, 0x00, 0x00, 0x00, 0x00, 0x00, 
  0x00, 0x00, 0xf5, 0xff, 0x58, 0x00, 0x00, 0x00, 0x00, 0x00, 0x00, 0x00, 0x00, 0x00, 0x00, 0xf6, 
  0xff, 0x58, 0x00, 0x00, 0x00, 0x00, 0x00, 0x00, 0x00, 0x00, 0x00, 0x00, 0xf6, 0xff, 0x58, 0x00, 
  0x00, 0x00, 0x00, 0x00, 0x00, 0x00, 0x00, 0x00, 0x00, 0xf6, 0xff, 0x58, 0x00, 0x00, 0x00, 0x00, 
  0x00, 0x00, 0x00, 0x00, 0x00, 0x00, 0xf6, 0xff, 0x58, 0x00, 0x00, 0x00, 0x00, 0x00, 0x00, 0x00, 
  0x00, 0x00, 0x00, 0xf7, 0xff, 0x58, 0x00, 0x00, 0x00, 0x00, 0x00, 0x00, 0x00, 0x00, 0x00, 0x00, 
  0xf7, 0xff, 0x58, 0x00, 0x00, 0x00, 0x00, 0x00, 0x00, 0x00, 0x00, 0x00, 0x00, 0xf8, 0xff, 0x58, 
  0x00, 0x00, 0x00, 0x00, 0x00, 0x00, 0x00, 0x00, 0x00, 0x00, 0xf9, 0xff, 0x59, 0x00, 0x00, 0x00, 
  0x00, 0x00, 0x00, 0x00, 0x00, 0x00, 0x00, 0xf9, 0xff, 0x59, 0x00, 0x00, 0x00, 0x00, 0x00, 0x00, 
  0x00, 0x00, 0x00, 0x00, 0xfb, 0xff, 0x5a, 0x00, 0x00, 0x00, 0x00, 0x00, 0x00, 0x00, 0x00, 0x00, 
  0x00, 0xfd, 0xff, 0x5a, 0x00, 0x00, 0x00, 0x00, 0x00, 0x00, 0x00, 0x00, 0x00, 0x00, 0xff, 0xff, 
  0x5c, 0x00, 0x00, 0x00, 0x00, 0x00, 0x00, 0x00, 0x00, 0x00, 0x02, 0xff, 0xff, 0x5f, 0x00, 0x00, 
  0x00, 0x00, 0x00, 0x01, 0x00, 0x00, 0x00, 0x08, 0xff, 0xff, 0x62, 0x06, 0x0a, 0x0f, 0x02, 0x00, 
  0xe8, 0xfd, 0xfd, 0xff, 0xff, 0xff, 0xff, 0xff, 0xff, 0xff, 0xff, 0xb2, 0x00, 0xb6, 0xff, 0xff, 
  0xff, 0xfe, 0xfb, 0xfa, 0xf8, 0xfa, 0xfe, 0xff, 0xfc, 0x03, 0x09, 0x24, 0x0c, 0x03, 0x00, 0x00, 
  0x00, 0x00, 0x00, 0x00, 0x0b, 0x1a, 0x00, 0x00, 0x00, 0x00, 0x00, 0x0a, 0x5e, 0xa6, 0xc3, 0xc6, 
  0xa9, 0x61, 0x07, 0x00, 0x00, 0x00, 0x00, 0x00, 0x00, 0x4c, 0xe2, 0xff, 0xff, 0xff, 0xff, 0xff, 
  0xff, 0xd7, 0x22, 0x00, 0x00, 0x00, 0x00, 0x6f, 0xfe, 0xff, 0xda, 0x74, 0x4b, 0x50, 0x88, 0xf8, 
  0xff, 0xd5, 0x05, 0x00, 0x00, 0x37, 0xfd, 0xff, 0xad, 0x04, 0x00, 0x00, 0x00, 0x00, 0x42, 0xff, 
  0xff, 0x5c, 0x00, 0x00, 0xa5, 0xff, 0xea, 0x0b, 0x00, 0x00, 0x00, 0x00, 0x00, 0x00, 0xc7, 0xff, 
  0x9e, 0x00, 0x00, 0x6d, 0xff, 0x6f, 0x00, 0x00, 0x00, 0x00, 0x00, 0x00, 0x00, 0xa6, 0xff, 0xb2, 
  0x00, 0x00, 0x00, 0x21, 0x00, 0x00, 0x00, 0x00, 0x00, 0x00, 0x00, 0x00, 0xc3, 0xff, 0x9d, 0x00, 
  0x00, 0x00, 0x00, 0x00, 0x00, 0x00, 0x00, 0x00, 0x00, 0x00, 0x12, 0xf5, 0xff, 0x5f, 0x00, 0x00, 
  0x00, 0x00, 0x00, 0x00, 0x00, 0x00, 0x00, 0x00, 0x00, 0x7d, 0xff, 0xee, 0x0c, 0x00, 0x00, 0x00, 
  0x00, 0x00, 0x00, 0x00, 0x00, 0x00, 0x00, 0x2c, 0xf7, 0xff, 0x72, 0x00, 0x00, 0x00, 0x00, 0x00, 
  0x00, 0x00, 0x00, 0x00, 0x00, 0x14, 0xd7, 0xff, 0xc2, 0x03, 0x00, 0x00, 0x00, 0x00, 0x00, 0x00, 
  0x00, 0x00, 0x00, 0x13, 0xd1, 0xff, 0xe0, 0x18, 0x00, 0x00, 0x00, 0x00, 0x00, 0x00, 0x00, 0x00, 
  0x00, 0x14, 0xd0, 0xff, 0xe5, 0x25, 0x00, 0x00, 0x00, 0x00, 0x00, 0x00, 0x00, 0x00, 0x00, 0x15, 
  0xd2, 0xff, 0xe0, 0x22, 0x00, 0x00, 0x00, 0x00, 0x00, 0x00, 0x00, 0x00, 0x00, 0x0f, 0xd2, 0xff, 
  0xdb, 0x1e, 0x00, 0x00, 0x00, 0x00, 0x00, 0x00, 0x00, 0x00, 0x00, 0x07, 0xbf, 0xff, 0xdc, 0x19, 
  0x00, 0x00, 0x00, 0x00, 0x00, 0x00, 0x00, 0x00, 0x00, 0x00, 0xa3, 0xff, 0xe8, 0x22, 0x00, 0x00, 
  0x00, 0x00, 0x00, 0x00, 0x00, 0x00, 0x00, 0x00, 0x68, 0xff, 0xf8, 0x35, 0x00, 0x00, 0x00, 0x00, 
  0x00, 0x00, 0x00, 0x00, 0x00, 0x00, 0x29, 0xf8, 0xff, 0x69, 0x00, 0x00, 0x00, 0x00, 0x00, 0x00, 
  0x00, 0x00, 0x00, 0x00, 0x00, 0xbd, 0xff, 0xb5, 0x00, 0x00, 0x00, 0x00, 0x00, 0x00, 0x00, 0x00, 
  0x00, 0x00, 0x00, 0x5f, 0xff, 0xf9, 0x3a, 0x26, 0x2d, 0x31, 0x33, 0x32, 0x2f, 0x2d, 0x2d, 0x31, 
  0x12, 0x00, 0xd7, 0xff, 0xff, 0xff, 0xff, 0xff, 0xff, 0xff, 0xff, 0xff, 0xff, 0xff, 0xff, 0xd9, 
  0x03, 0x92, 0xff, 0xf9, 0xde, 0xd3, 0xce, 0xcc, 0xca, 0xc9, 0xc9, 0xcd, 0xd7, 0xed, 0xfc, 0x1b, 
  0x00, 0x17, 0x02, 0x00, 0x00, 0x00, 0x00, 0x00, 0x00, 0x00, 0x00, 0x00, 0x00, 0x02, 0x00, 0x00, 
  0x00, 0x00, 0x00, 0x01, 0x3e, 0x91, 0xb7, 0xca, 0xb7, 0x7e, 0x1c, 0x00, 0x00, 0x00, 0x00, 0x00, 
  0x00, 0x27, 0xc1, 0xff, 0xff, 0xff, 0xff, 0xff, 0xff, 0xf5, 0x59, 0x00, 0x00, 0x00, 0x00, 0x37, 
  0xee, 0xff, 0xf6, 0x98, 0x4b, 0x34, 0x53, 0xbd, 0xff, 0xfc, 0x35, 0x00, 0x00, 0x06, 0xef, 0xff, 
  0xd5, 0x28, 0x00, 0x00, 0x00, 0x00, 0x01, 0xc5, 0xff, 0xa8, 0x00, 0x00, 0x00, 0xc6, 0xd9, 0x17, 
  0x00, 0x00, 0x00, 0x00, 0x00, 0x00, 0x6a, 0xff, 0xdc, 0x00, 0x00, 0x00, 0x07, 0x0c, 0x00, 0x00, 
  0x00, 0x00, 0x00, 0x00, 0x00, 0x54, 0xff, 0xde, 0x00, 0x00, 0x00, 0x00, 0x00, 0x00, 0x00, 0x00, 
  0x00, 0x00, 0x00, 0x00, 0x87, 0xff, 0xbb, 0x00, 0x00, 0x00, 0x00, 0x00, 0x00, 0x00, 0x00, 0x00, 
  0x00, 0x00, 0x26, 0xf4, 0xff, 0x64, 0x00, 0x00, 0x00, 0x00, 0x00, 0x00, 0x00, 0x00, 0x00, 0x00, 
  0x4d, 0xec, 0xff, 0xc7, 0x05, 0x00, 0x00, 0x00, 0x00, 0x00, 0x00, 0x03, 0x29, 0x69, 0xc6, 0xff, 
  0xff, 0xae, 0x0d, 0x00, 0x00, 0x00, 0x00, 0x00, 0x00, 0x07, 0xf3, 0xff, 0xff, 0xff, 0xff, 0xb4, 
  0x48, 0x01, 0x00, 0x00, 0x00, 0x00, 0x00, 0x00, 0x00, 0xb9, 0xf0, 0xcb, 0xc2, 0xe3, 0xff, 0xff, 
  0xc8, 0x17, 0x00, 0x00, 0x00, 0x00, 0x00, 0x00, 0x00, 0x00, 0x00, 0x00, 0x00, 0x47, 0xe6, 0xff, 
  0xc4, 0x02, 0x00, 0x00, 0x00, 0x00, 0x00, 0x00, 0x00, 0x00, 0x00, 0x00, 0x00, 0x2b, 0xf9, 0xff, 
  0x56, 0x00, 0x00, 0x00, 0x00, 0x00, 0x00, 0x00, 0x00, 0x00, 0x00, 0x00, 0x00, 0xa5, 0xff, 0xa8, 
  0x00, 0x00, 0x00, 0x00, 0x00, 0x00, 0x00, 0x00, 0x00, 0x00, 0x00, 0x00, 0x70, 0xff, 0xca, 0x00, 
  0x00, 0x00, 0x00, 0x00, 0x00, 0x00, 0x00, 0x00, 0x00, 0x00, 0x00, 0x6f, 0xff, 0xca, 0x00, 0x00, 
  0x00, 0x00, 0x00, 0x00, 0x00, 0x00, 0x00, 0x00, 0x00, 0x00, 0x90, 0xff, 0xaf, 0x00, 0x2d, 0x18, 
  0x00, 0x00, 0x00, 0x00, 0x00, 0x00, 0x00, 0x00, 0x01, 0xdc, 0xff, 0x73, 0x03, 0xe8, 0xd6, 0x0f, 
  0x00, 0x00, 0x00, 0x00, 0x00, 0x00, 0x00, 0x67, 0xff, 0xfb, 0x1d, 0x0c, 0xfb, 0xff, 0xd1, 0x24, 
  0x00, 0x00, 0x00, 0x00, 0x01, 0x65, 0xf9, 0xff, 0x84, 0x00, 0x00, 0x53, 0xf8, 0xff, 0xfc, 0xb0, 
  0x82, 0x7a, 0x96, 0xde, 0xff, 0xff, 0xaf, 0x06, 0x00, 0x00, 0x00, 0x2e, 0xbd, 0xff, 0xff, 0xff, 
  0xff, 0xff, 0xff, 0xf3, 0x7c, 0x01, 0x00, 0x00, 0x00, 0x00, 0x00, 0x00, 0x23, 0x69, 0x86, 0x8e, 
  0x7c, 0x4f, 0x0c, 0x00, 0x00, 0x00, 0x00, 0x00, 0x00, 0x00, 0x00, 0x00, 0x00, 0x00, 0x00, 0x00, 
  0x58, 0x75, 0x00, 0x00, 0x00, 0x00, 0x00, 0x00, 0x00, 0x00, 0x00, 0x00, 0x00, 0x00, 0x00, 0x01, 
  0xd8, 0xff, 0x4f, 0x00, 0x00, 0x00, 0x00, 0x00, 0x00, 0x00, 0x00, 0x00, 0x00, 0x00, 0x00, 0x4a, 
  0xff, 0xff, 0x41, 0x00, 0x00, 0x00, 0x00, 0x00, 0x00, 0x00, 0x00, 0x00, 0x00, 0x00, 0x00, 0xc3, 
  0xff, 0xb2, 0x00, 0x00, 0x00, 0x00, 0x00, 0x00, 0x00, 0x00, 0x00, 0x00, 0x00, 0x00, 0x43, 0xff, 
  0xfc, 0x2a, 0x00, 0x00, 0x00, 0x00, 0x00, 0x00, 0x00, 0x00, 0x00, 0x00, 0x00, 0x00, 0xc5, 0xff, 
  0x9a, 0x13, 0x05, 0x00, 0x00, 0x00, 0x00, 0x00, 0x00, 0x00, 0x00, 0x00, 0x00, 0x4d, 0xff, 0xf5, 
  0x1a, 0xf6, 0xec, 0x32, 0x00, 0x00, 0x00, 0x00, 0x00, 0x00, 0x00, 0x00, 0x02, 0xd2, 0xff, 0x83, 
  0x00, 0xf2, 0xff, 0x58, 0x00, 0x00, 0x00, 0x00, 0x00, 0x00, 0x00, 0x00, 0x61, 0xff, 0xea, 0x0d, 
  0x00, 0xe9, 0xff, 0x54, 0x00, 0x00, 0x00, 0x00, 0x00, 0x00, 0x00, 0x09, 0xe4, 0xff, 0x6c, 0x00, 
  0x00, 0xe6, 0xff, 0x50, 0x00, 0x00, 0x00, 0x00, 0x00, 0x00, 0x00, 0x7c, 0xff, 0xd9, 0x05, 0x00, 
  0x00, 0xe5, 0xff, 0x4d, 0x00, 0x00, 0x00, 0x00, 0x00, 0x00, 0x17, 0xf3, 0xff, 0x49, 0x00, 0x00, 
  0x00, 0xe5, 0xff, 0x4b, 0x00, 0x00, 0x00, 0x00, 0x00, 0x00, 0x9b, 0xff, 0xb1, 0x00, 0x00, 0x00, 
  0x00, 0xe5, 0xff, 0x4a, 0x00, 0x00, 0x00, 0x00, 0x00, 0x30, 0xfd, 0xf8, 0x22, 0x00, 0x00, 0x00, 
  0x00, 0xe5, 0xff, 0x48, 0x00, 0x00, 0x00, 0x00, 0x00, 0xbf, 0xff, 0x83, 0x00, 0x00, 0x00, 0x00, 
  0x00, 0xe5, 0xff, 0x48, 0x00, 0x00, 0x00, 0x00, 0x61, 0xff, 0xe2, 0x0a, 0x00, 0x00, 0x00, 0x00, 
  0x00, 0xe5, 0xff, 0x5d, 0x36, 0x23, 0x00, 0x0d, 0xf1, 0xff, 0xcf, 0xa6, 0xb3, 0xc0, 0xcd, 0xda, 
  0xe7, 0xfe, 0xff, 0xff, 0xff, 0xf0, 0x0d, 0x19, 0xfa, 0xff, 0xff, 0xff, 0xff, 0xff, 0xff, 0xff, 
  0xfe, 0xff, 0xff, 0xe4, 0xde, 0xe4, 0x28, 0x00, 0x47, 0x84, 0x69, 0x55, 0x43, 0x32, 0x22, 0x11, 
  0x02, 0xe5, 0xff, 0x48, 0x00, 0x00, 0x00, 0x00, 0x00, 0x00, 0x00, 0x00, 0x00, 0x00, 0x00, 0x00, 
  0x00, 0xe7, 0xff, 0x48, 0x00, 0x00, 0x00, 0x00, 0x00, 0x00, 0x00, 0x00, 0x00, 0x00, 0x00, 0x00, 
  0x00, 0xe9, 0xff, 0x52, 0x00, 0x00, 0x00, 0x00, 0x00, 0x00, 0x00, 0x00, 0x00, 0x00, 0x00, 0x00, 
  0x00, 0xef, 0xff, 0x5d, 0x00, 0x00, 0x00, 0x00, 0x00, 0x00, 0x00, 0x00, 0x00, 0x00, 0x00, 0x00, 
  0x00, 0xdf, 0xff, 0x61, 0x00, 0x00, 0x00, 0x00, 0x00, 0x00, 0x00, 0x00, 0x00, 0x00, 0x00, 0x00, 
  0x00, 0x11, 0x4c, 0x17, 0x00, 0x00, 0x00, 0x00, 0x00, 0x07, 0x11, 0x00, 0x00, 0x00, 0x11, 0x27, 
  0x3d, 0x53, 0x6b, 0x29, 0x00, 0x00, 0x00, 0x84, 0xfd, 0xd5, 0xe5, 0xfa, 0xff, 0xff, 0xff, 0xff, 
  0xff, 0xcc, 0x00, 0x00, 0x00, 0x9f, 0xff, 0xff, 0xff, 0xff, 0xfb, 0xe7, 0xd1, 0xbb, 0xa6, 0x8b, 
  0x00, 0x00, 0x00, 0xbe, 0xff, 0x7f, 0x28, 0x13, 0x01, 0x00, 0x00, 0x00, 0x00, 0x00, 0x00, 0x00, 
  0x00, 0xdd, 0xff, 0x38, 0x00, 0x00, 0x00, 0x00, 0x00, 0x00, 0x00, 0x00, 0x00, 0x00, 0x03, 0xfb, 
  0xff, 0x11, 0x00, 0x00, 0x00, 0x00, 0x00, 0x00, 0x00, 0x00, 0x00, 0x00, 0x20, 0xff, 0xeb, 0x00, 
  0x00, 0x00, 0x00, 0x00, 0x00, 0x00, 0x00, 0x00, 0x00, 0x00, 0x43, 0xff, 0xc5, 0x00, 0x00, 0x00, 
  0x00, 0x00, 0x00, 0x00, 0x00, 0x00, 0x00, 0x00, 0x66, 0xff, 0x9f, 0x00, 0x00, 0x0d, 0x1c, 0x04, 
  0x00, 0x00, 0x00, 0x00, 0x00, 0x00, 0x8a, 0xff, 0x7e, 0x6f, 0xd5, 0xff, 0xff, 0xfa, 0xc0, 0x49, 
  0x00, 0x00, 0x00, 0x00, 0xb2, 0xff, 0xf3, 0xff, 0xfa, 0xdd, 0xd3, 0xf7, 0xff, 0xff, 0x83, 0x00, 
  0x00, 0x00, 0xeb, 0xff, 0xfd, 0x86, 0x14, 0x00, 0x00, 0x11, 0x92, 0xff, 0xff, 0x5e, 0x00, 0x00, 
  0xc5, 0xf6, 0x4b, 0x00, 0x00, 0x00, 0x00, 0x00, 0x00, 0x92, 0xff, 0xee, 0x06, 0x00, 0x10, 0x26, 
  0x00, 0x00, 0x00, 0x00, 0x00, 0x00, 0x00, 0x0e, 0xf7, 0xff, 0x4f, 0x00, 0x00, 0x00, 0x00, 0x00, 
  0x00, 0x00, 0x00, 0x00, 0x00, 0x00, 0xb9, 0xff, 0x7e, 0x00, 0x00, 0x00, 0x00, 0x00, 0x00, 0x00, 
  0x00, 0x00, 0x00, 0x00, 0x9d, 0xff, 0x96, 0x00, 0x00, 0x00, 0x00, 0x00, 0x00, 0x00, 0x00, 0x00, 
  0x00, 0x00, 0xa4, 0xff, 0x8f, 0x00, 0x00, 0x00, 0x00, 0x00, 0x00, 0x00, 0x00, 0x00, 0x00, 0x00, 
  0xc9, 0xff, 0x76, 0x3d, 0xa1, 0x03, 0x00, 0x00, 0x00, 0x00, 0x00, 0x00, 0x00, 0x1b, 0xfe, 0xff, 
  0x39, 0xac, 0xff, 0x80, 0x00, 0x00, 0x00, 0x00, 0x00, 0x00, 0x00, 0x9f, 0xff, 0xe4, 0x02, 0x89, 
  0xff, 0xff, 0x85, 0x06, 0x00, 0x00, 0x00, 0x03, 0x82, 0xff, 0xff, 0x5c, 0x00, 0x03, 0xab, 0xff, 
  0xff, 0xe3, 0x95, 0x79, 0x93, 0xe0, 0xff, 0xff, 0x9e, 0x00, 0x00, 0x00, 0x02, 0x71, 0xf3, 0xff, 
  0xff, 0xff, 0xff, 0xff, 0xf8, 0x80, 0x01, 0x00, 0x00, 0x00, 0x00, 0x00, 0x0b, 0x5a, 0x85, 0x97, 
  0x88, 0x5d, 0x14, 0x00, 0x00, 0x00, 0x00, 0x00, 0x00, 0x00, 0x00, 0x00, 0x00, 0x27, 0xc4, 0xb6, 
  0x1b, 0x00, 0x00, 0x00, 0x00, 0x00, 0x00, 0x00, 0x00, 0x00, 0x00, 0xb0, 0xff, 0xf2, 0x1c, 0x00, 
  0x00, 0x00, 0x00, 0x00, 0x00, 0x00, 0x00, 0x00, 0x42, 0xff, 0xff, 0x5a, 0x00, 0x00, 0x00, 0x00, 
  0x00, 0x00, 0x00, 0x00, 0x00, 0x03, 0xd2, 0xff, 0xa0, 0x00, 0x00, 0x00, 0x00, 0x00, 0x00, 0x00, 
  0x00, 0x00, 0x00, 0x69, 0xff, 0xe3, 0x0f, 0x00, 0x00, 0x00, 0x00, 0x00, 0x00, 0x00, 0x00, 0x00, 
  0x0c, 0xe9, 0xff, 0x4a, 0x00, 0x00, 0x00, 0x00, 0x00, 0x00, 0x00, 0x00, 0x00, 0x00, 0x7e, 0xff, 
  0xaf, 0x00, 0x00, 0x00, 0x00, 0x00, 0x00, 0x00, 0x00, 0x00, 0x00, 0x13, 0xf1, 0xf8, 0x22, 0x00, 
  0x00, 0x00, 0x00, 0x00, 0x00, 0x00, 0x00, 0x00, 0x00, 0x84, 0xff, 0x94, 0x00, 0x00, 0x00, 0x00, 
  0x00, 0x00, 0x00, 0x00, 0x00, 0x00, 0x0d, 0xee, 0xf8, 0x52, 0xa6, 0xde, 0xed, 0xd3, 0x98, 0x2c, 
  0x00, 0x00, 0x00, 0x00, 0x70, 0xff, 0xef, 0xfc, 0xff, 0xff, 0xfe, 0xff, 0xff, 0xfb, 0x6d, 0x00, 
  0x00, 0x00, 0xd1, 0xff, 0xff, 0xd3, 0x56, 0x15, 0x03, 0x28, 0xa0, 0xff, 0xff, 0x5c, 0x00, 0x2d, 
  0xff, 0xff, 0xc1, 0x0c, 0x00, 0x00, 0x00, 0x00, 0x00, 0x91, 0xff, 0xf4, 0x14, 0x71, 0xff, 0xf7, 
  0x20, 0x00, 0x00, 0x00, 0x00, 0x00, 0x00, 0x08, 0xe6, 0xff, 0x70, 0xae, 0xff, 0xaf, 0x00, 0x00, 
  0x00, 0x00, 0x00, 0x00, 0x00, 0x00, 0x97, 0xff, 0xab, 0xcd, 0xff, 0x71, 0x00, 0x00, 0x00, 0x00, 
  0x00, 0x00, 0x00, 0x00, 0x75, 0xff, 0xc6, 0xe1, 0xff, 0x5a, 0x00, 0x00, 0x00, 0x00, 0x00, 0x00, 
  0x00, 0x00, 0x77, 0xff, 0xbd, 0xd2, 0xff, 0x63, 0x00, 0x00, 0x00, 0x00, 0x00, 0x00, 0x00, 0x00, 
  0x98, 0xff, 0xa4, 0xab, 0xff, 0x98, 0x00, 0x00, 0x00, 0x00, 0x00, 0x00, 0x00, 0x01, 0xdc, 0xff, 
  0x67, 0x53, 0xff, 0xf1, 0x17, 0x00, 0x00, 0x00, 0x00, 0x00, 0x00, 0x55, 0xff, 0xfa, 0x1b, 0x04, 
  0xcc, 0xff, 0xc5, 0x13, 0x00, 0x00, 0x00, 0x00, 0x36, 0xee, 0xff, 0x8d, 0x00, 0x00, 0x25, 0xe6, 
  0xff, 0xef, 0x99, 0x70, 0x75, 0xab, 0xfc, 0xff, 0xc4, 0x0d, 0x00, 0x00, 0x00, 0x1a, 0xb5, 0xfe, 
  0xff, 0xff, 0xff, 0xff, 0xfe, 0xa3, 0x0b, 0x00, 0x00, 0x00, 0x00, 0x00, 0x00, 0x23, 0x62, 0x7f, 
  0x84, 0x64, 0x20, 0x00, 0x00, 0x00, 0x00, 0x00, 0x00, 0x00, 0x00, 0x00, 0x00, 0x00, 0x00, 0x07, 
  0x1b, 0x2f, 0x50, 0x63, 0x05, 0x3a, 0x85, 0x8d, 0xa1, 0xb5, 0xca, 0xde, 0xf2, 0xff, 0xff, 0xff, 
  0xff, 0xff, 0x94, 0x32, 0xff, 0xff, 0xff, 0xff, 0xff, 0xff, 0xff, 0xf1, 0xd7, 0xc0, 0xfe, 0xff, 
  0x92, 0x00, 0x66, 0x8c, 0x6f, 0x56, 0x3c, 0x23, 0x0a, 0x00, 0x00, 0x4c, 0xff, 0xf8, 0x1e, 0x00, 
  0x00, 0x00, 0x00, 0x00, 0x00, 0x00, 0x00, 0x00, 0x00, 0xbb, 0xff, 0x99, 0x00, 0x00, 0x00, 0x00, 
  0x00, 0x00, 0x00, 0x00, 0x00, 0x00, 0x29, 0xff, 0xfe, 0x26, 0x00, 0x00, 0x00, 0x00, 0x00, 0x00, 
  0x00, 0x00, 0x00, 0x00, 0x95, 0xff, 0xb4, 0x00, 0x00, 0x00, 0x00, 0x00, 0x00, 0x00, 0x00, 0x00, 
  0x00, 0x0d, 0xf2, 0xff, 0x43, 0x00, 0x00, 0x00, 0x00, 0x00, 0x00, 0x00, 0x00, 0x00, 0x00, 0x69, 
  0xff, 0xd2, 0x00, 0x00, 0x00, 0x00, 0x00, 0x00, 0x00, 0x00, 0x00, 0x00, 0x00, 0xd1, 0xff, 0x63, 
  0x00, 0x00, 0x00, 0x00, 0x00, 0x00, 0x00, 0x00, 0x00, 0x00, 0x39, 0xff, 0xf1, 0x0b, 0x00, 0x00, 
  0x00, 0x00, 0x00, 0x00, 0x00, 0x00, 0x00, 0x00, 0xa0, 0xff, 0x98, 0x00, 0x00, 0x00, 0x00, 0x00, 
  0x00, 0x00, 0x00, 0x00, 0x00, 0x0f, 0xf5, 0xff, 0x34, 0x00, 0x00, 0x00, 0x00, 0x00, 0x00, 0x00, 
  0x00, 0x00, 0x00, 0x6a, 0xff, 0xd0, 0x00, 0x00, 0x00, 0x00, 0x00, 0x00, 0x00, 0x00, 0x00, 0x00, 
  0x00, 0xce, 0xff, 0x70, 0x00, 0x00, 0x00, 0x00, 0x00, 0x00, 0x00, 0x00, 0x00, 0x00, 0x30, 0xff, 
  0xfe, 0x1b, 0x00, 0x00, 0x00, 0x00, 0x00, 0x00, 0x00, 0x00, 0x00, 0x00, 0x92, 0xff, 0xc2, 0x00, 
  0x00, 0x00, 0x00, 0x00, 0x00, 0x00, 0x00, 0x00, 0x00, 0x05, 0xec, 0xff, 0x6b, 0x00, 0x00, 0x00, 
  0x00, 0x00, 0x00, 0x00, 0x00, 0x00, 0x00, 0x50, 0xff, 0xfe, 0x18, 0x00, 0x00, 0x00, 0x00, 0x00, 
  0x00, 0x00, 0x00, 0x00, 0x00, 0xab, 0xff, 0xca, 0x00, 0x00, 0x00, 0x00, 0x00, 0x00, 0x00, 0x00, 
  0x00, 0x00, 0x0c, 0xf6, 0xff, 0x81, 0x00, 0x00, 0x00, 0x00, 0x00, 0x00, 0x00, 0x00, 0x00, 0x00, 
  0x52, 0xff, 0xff, 0x38, 0x00, 0x00, 0x00, 0x00, 0x00, 0x00, 0x00, 0x00, 0x00, 0x00, 0x7e, 0xff, 
  0xea, 0x02, 0x00, 0x00, 0x00, 0x00, 0x00, 0x00, 0x00, 0x00, 0x00, 0x00, 0x0b, 0x50, 0x2d, 0x00, 
  0x00, 0x00, 0x00, 0x00, 0x00, 0x00, 0x00, 0x00, 0x00, 0x00, 0x02, 0x44, 0x96, 0xb6, 0xbf, 0xa1, 
  0x58, 0x03, 0x00, 0x00, 0x00, 0x00, 0x00, 0x17, 0xbf, 0xff, 0xff, 0xff, 0xff, 0xff, 0xff, 0xd1, 
  0x22, 0x00, 0x00, 0x00, 0x0b, 0xd1, 0xff, 0xe5, 0x6a, 0x2b, 0x28, 0x5c, 0xd5, 0xff, 0xe1, 0x17, 
  0x00, 0x00, 0x7e, 0xff, 0xe5, 0x1a, 0x00, 0x00, 0x00, 0x00, 0x0d, 0xca, 0xff, 0x9d, 0x1f, 0x00, 
  0xd6, 0xff, 0x6c, 0x00, 0x00, 0x00, 0x00, 0x00, 0x00, 0x24, 0xe4, 0xfe, 0xd4, 0x00, 0xf3, 0xff, 
  0x3f, 0x00, 0x00, 0x00, 0x00, 0x00, 0x00, 0x15, 0xc5, 0xf8, 0x41, 0x00, 0xd6, 0xff, 0x63, 0x00, 
  0x00, 0x00, 0x00, 0x00, 0x2b, 0xdf, 0xf9, 0x4c, 0x00, 0x00, 0x7d, 0xff, 0xdb, 0x10, 0x00, 0x00, 
  0x00, 0x53, 0xf2, 0xfa, 0x50, 0x00, 0x00, 0x00, 0x0a, 0xc4, 0xff, 0xd7, 0x35, 0x06, 0x91, 0xff, 
  0xef, 0x42, 0x00, 0x00, 0x00, 0x00, 0x00, 0x0c, 0xa9, 0xff, 0xfe, 0xdf, 0xff, 0xdf, 0x29, 0x00, 
  0x00, 0x00, 0x00, 0x00, 0x00, 0x00, 0x00, 0x9d, 0xff, 0xff, 0xff, 0xb8, 0x2a, 0x00, 0x00, 0x00, 
  0x00, 0x00, 0x00, 0x01, 0x8b, 0xff, 0xff, 0xac, 0xe5, 0xff, 0xfc, 0x89, 0x04, 0x00, 0x00, 0x00, 
  0x01, 0x9d, 0xff, 0xf9, 0x64, 0x00, 0x07, 0x75, 0xf4, 0xff, 0xbc, 0x09, 0x00, 0x00, 0x7a, 0xff, 
  0xf9, 0x4b, 0x00, 0x00, 0x00, 0x00, 0x2b, 0xe3, 0xff, 0xa1, 0x00, 0x27, 0xfa, 0xff, 0x55, 0x00, 
  0x00, 0x00, 0x00, 0x00, 0x00, 0x3b, 0xff, 0xff, 0x2d, 0x98, 0xff, 0xb3, 0x00, 0x00, 0x00, 0x00, 
  0x00, 0x00, 0x00, 0x00, 0xcc, 0xff, 0x7d, 0xdd, 0xff, 0x5f, 0x00, 0x00, 0x00, 0x00, 0x00, 0x00, 
  0x00, 0x00, 0x9e, 0xff, 0xa3, 0xf1, 0xff, 0x4a, 0x00, 0x00, 0x00, 0x00, 0x00, 0x00, 0x00, 0x00, 
  0x93, 0xff, 0xa7, 0xd8, 0xff, 0x6b, 0x00, 0x00, 0x00, 0x00, 0x00, 0x00, 0x00, 0x00, 0xb6, 0xff, 
  0x8d, 0x96, 0xff, 0xc9, 0x02, 0x00, 0x00, 0x00, 0x00, 0x00, 0x00, 0x22, 0xf8, 0xff, 0x4a, 0x2b, 
  0xfa, 0xff, 0x94, 0x04, 0x00, 0x00, 0x00, 0x00, 0x2b, 0xd7, 0xff, 0xd1, 0x02, 0x00, 0x6c, 0xff, 
  0xff, 0xe3, 0x96, 0x7d, 0x8a, 0xbe, 0xfd, 0xff, 0xeb, 0x27, 0x00, 0x00, 0x00, 0x52, 0xe5, 0xff, 
  0xff, 0xff, 0xff, 0xff, 0xfd, 0xaf, 0x1d, 0x00, 0x00, 0x00, 0x00, 0x00, 0x03, 0x45, 0x70, 0x86, 
  0x7b, 0x5a, 0x1c, 0x00, 0x00, 0x00, 0x00, 0x00, 0x00, 0x00, 0x00, 0x15, 0x73, 0xad, 0xc0, 0xa8, 
  0x59, 0x02, 0x00, 0x00, 0x00, 0x00, 0x00, 0x00, 0x00, 0x5f, 0xf0, 0xff, 0xff, 0xff, 0xff, 0xff, 
  0xbd, 0x1f, 0xc7, 0x5e, 0x00, 0x00, 0x00, 0x73, 0xff, 0xff, 0xc4, 0x5c, 0x3b, 0x5c, 0xdf, 0xff, 
  0xdb, 0xff, 0xfb, 0x06, 0x00, 0x46, 0xff, 0xff, 0x8b, 0x01, 0x00, 0x00, 0x00, 0x1d, 0xef, 0xff, 
  0xff, 0xc3, 0x00, 0x05, 0xdf, 0xff, 0xaf, 0x00, 0x00, 0x00, 0x00, 0x00, 0x00, 0x6b, 0xf2, 0xff, 
  0x83, 0x00, 0x5c, 0xff, 0xf6, 0x19, 0x00, 0x00, 0x00, 0x00, 0x00, 0x00, 0x00, 0xd8, 0xff, 0x48, 
  0x00, 0xae, 0xff, 0x9c, 0x00, 0x00, 0x00, 0x00, 0x00, 0x00, 0x00, 0x18, 0xff, 0xff, 0x13, 0x00, 
  0xe5, 0xff, 0x52, 0x00, 0x00, 0x00, 0x00, 0x00, 0x00, 0x00, 0x77, 0xff, 0xe0, 0x00, 0x00, 0xfb, 
  0xff, 0x33, 0x00, 0x00, 0x00, 0x00, 0x00, 0x00, 0x0b, 0xe4, 0xff, 0xb0, 0x00, 0x00, 0xf4, 0xff, 
  0x40, 0x00, 0x00, 0x00, 0x00, 0x00, 0x00, 0x8c, 0xff, 0xff, 0x83, 0x00, 0x00, 0xd3, 0xff, 0x6c, 
  0x00, 0x00, 0x00, 0x00, 0x00, 0x45, 0xfb, 0xff, 0xff, 0x58, 0x00, 0x00, 0x84, 0xff, 0xd6, 0x07, 
  0x00, 0x00, 0x00, 0x3a, 0xf0, 0xff, 0xfe, 0xff, 0x2c, 0x00, 0x00, 0x15, 0xea, 0xff, 0xcc, 0x73, 
  0x75, 0xb0, 0xfd, 0xff, 0x89, 0xfe, 0xfb, 0x06, 0x00, 0x00, 0x00, 0x39, 0xec, 0xff, 0xff, 0xff, 
  0xff, 0xee, 0x58, 0x3c, 0xff, 0xd7, 0x00, 0x00, 0x00, 0x00, 0x00, 0x12, 0x72, 0xa2, 0x9a, 0x68, 
  0x0c, 0x00, 0x6a, 0xff, 0xaf, 0x00, 0x00, 0x00, 0x00, 0x00, 0x00, 0x00, 0x00, 0x00, 0x00, 0x00, 
  0x00, 0x99, 0xff, 0x87, 0x00, 0x00, 0x00, 0x00, 0x00, 0x00, 0x00, 0x00, 0x00, 0x00, 0x00, 0x00, 
  0xc8, 0xff, 0x60, 0x00, 0x00, 0x00, 0x00, 0x00, 0x00, 0x00, 0x00, 0x00, 0x00, 0x00, 0x02, 0xf4, 
  0xff, 0x38, 0x00, 0x00, 0x00, 0x00, 0x00, 0x00, 0x00, 0x00, 0x00, 0x00, 0x00, 0x26, 0xff, 0xff, 
  0x13, 0x00, 0x00, 0x00, 0x00, 0x00, 0x00, 0x00, 0x00, 0x00, 0x00, 0x00, 0x55, 0xff, 0xed, 0x00, 
  0x00, 0x00, 0x00, 0x00, 0x00, 0x00, 0x00, 0x00, 0x00, 0x00, 0x00, 0x83, 0xff, 0xc9, 0x00, 0x00, 
  0x00, 0x00, 0x00, 0x00, 0x00, 0x00, 0x00, 0x00, 0x00, 0x00, 0xb2, 0xff, 0xa5, 0x00, 0x00, 0x00, 
  0x00, 0x00, 0x00, 0x00, 0x00, 0x00, 0x00, 0x00, 0x00, 0xd4, 0xff, 0x7f, 0x00, 0x00, 0x00, 0x00, 
  0x00, 0x00, 0x00, 0x00, 0x00, 0x00, 0x00, 0x00, 0x3a, 0x5a, 0x0c, 0x00, 0x00, 0x00, 0x00, 0x00, 
  0x50, 0xcc, 0xb2, 0x16, 0x01, 0xf2, 0xff, 0xff, 0xaf, 0x01, 0xeb, 0xff, 0xff, 0xef, 0x00, 0x61, 
  0xfe, 0xff, 0xa5, 0x00, 0x00, 0x26, 0x34, 0x01, 0x00, 0x00, 0x00, 0x00, 0x00, 0x00, 0x00, 0x00, 
  0x00, 0x00, 0x00, 0x00, 0x00, 0x00, 0x00, 0x00, 0x00, 0x00, 0x00, 0x00, 0x00, 0x00, 0x00, 0x00, 
  0x00, 0x00, 0x00, 0x00, 0x00, 0x00, 0x00, 0x00, 0x00, 0x00, 0x00, 0x00, 0x6d, 0xf0, 0xd5, 0x24, 
  0x02, 0xf8, 0xff, 0xff, 0xbd, 0x00, 0xe1, 0xff, 0xff, 0xef, 0x00, 0x4a, 0xf7, 0xff, 0x8a, 0x00, 
  0x00, 0x0d, 0x14, 0x00, 0x00, 0x19, 0xaf, 0xce, 0x4e, 0x00, 0x00, 0x91, 0xff, 0xff, 0xf6, 0x1c, 
  0x00, 0x89, 0xff, 0xff, 0xff, 0x53, 0x00, 0x1a, 0xe3, 0xff, 0xed, 0x1b, 0x00, 0x00, 0x0f, 0x3c, 
  0x11, 0x00, 0x00, 0x00, 0x00, 0x00, 0x00, 0x00, 0x00, 0x00, 0x00, 0x00, 0x00, 0x00, 0x00, 0x00, 
  0x00, 0x00, 0x00, 0x00, 0x00, 0x00, 0x00, 0x00, 0x00, 0x00, 0x00, 0x00, 0x00, 0x00, 0x00, 0x00, 
  0x00, 0x00, 0x00, 0x00, 0x00, 0x00, 0x00, 0x00, 0x0a, 0x1b, 0x00, 0x00, 0x00, 0x47, 0xf1, 0xff, 
  0x89, 0x00, 0x00, 0xb0, 0xff, 0xff, 0xfd, 0x19, 0x00, 0x7e, 0xff, 0xff, 0xff, 0x45, 0x00, 0x03, 
  0x7a, 0xfc, 0xfe, 0x1e, 0x00, 0x00, 0x46, 0xff, 0xa7, 0x00, 0x00, 0x25, 0xe6, 0xd1, 0x12, 0x00, 
  0x27, 0xef, 0xb5, 0x14, 0x00, 0x00, 0x13, 0x45, 0x00, 0x00, 0x00, 0x00, 0x00, 0x00, 0x00, 0x00, 
  0x00, 0x00, 0x00, 0x00, 0x00, 0x00, 0x02, 0x84, 0xc4, 0x00, 0x00, 0x00, 0x00, 0x00, 0x00, 0x00, 
  0x00, 0x00, 0x00, 0x19, 0xba, 0xff, 0xfd, 0x03, 0x00, 0x00, 0x00, 0x00, 0x00, 0x00, 0x00, 0x00, 
  0x53, 0xec, 0xff, 0xf0, 0x63, 0x00, 0x00, 0x00, 0x00, 0x00, 0x00, 0x00, 0x16, 0xa9, 0xff, 0xff, 
  0xae, 0x1a, 0x00, 0x00, 0x00, 0x00, 0x00, 0x00, 0x00, 0x60, 0xec, 0xff, 0xe6, 0x53, 0x00, 0x00, 
  0x00, 0x00, 0x00, 0x00, 0x00, 0x29, 0xc1, 0xff, 0xfe, 0x9b, 0x10, 0x00, 0x00, 0x00, 0x00, 0x00, 
  0x00, 0x1c, 0x94, 0xfa, 0xff, 0xcb, 0x39, 0x00, 0x00, 0x00, 0x00, 0x00, 0x00, 0x00, 0x07, 0xf4, 
  0xff, 0xe9, 0x63, 0x02, 0x00, 0x00, 0x00, 0x00, 0x00, 0x00, 0x00, 0x00, 0x01, 0xeb, 0xff, 0xa6, 
  0x16, 0x00, 0x00, 0x00, 0x00, 0x00, 0x00, 0x00, 0x00, 0x00, 0x00, 0x45, 0xd2, 0xff, 0xf2, 0x77, 
  0x07, 0x00, 0x00, 0x00, 0x00, 0x00, 0x00, 0x00, 0x00, 0x00, 0x02, 0x63, 0xeb, 0xff, 0xdb, 0x4d, 
  0x00, 0x00, 0x00, 0x00, 0x00, 0x00, 0x00, 0x00, 0x00, 0x00, 0x12, 0x9b, 0xfe, 0xff, 0xb2, 0x1e, 
  0x00, 0x00, 0x00, 0x00, 0x00, 0x00, 0x00, 0x00, 0x00, 0x00, 0x3b, 0xda, 0xff, 0xf4, 0x70, 0x02, 
  0x00, 0x00, 0x00, 0x00, 0x00, 0x00, 0x00, 0x00, 0x00, 0x09, 0x8f, 0xfd, 0xff, 0xc7, 0x2b, 0x00, 
  0x00, 0x00, 0x00, 0x00, 0x00, 0x00, 0x00, 0x00, 0x00, 0x41, 0xe8, 0xff, 0xd3, 0x00, 0x00, 0x00, 
  0x00, 0x00, 0x00, 0x00, 0x00, 0x00, 0x00, 0x00, 0x19, 0xc2, 0xd0, 0x00, 0x00, 0x00, 0x00, 0x00, 
  0x00, 0x00, 0x00, 0x00, 0x00, 0x00, 0x00, 0x04, 0x1e, 0x00, 0x13, 0xd4, 0xd7, 0xd3, 0xd1, 0xd0, 
  0xd0, 0xd0, 0xd0, 0xd2, 0xd5, 0xdb, 0xda, 0x15, 0x16, 0xfc, 0xff, 0xff, 0xff, 0xff, 0xff, 0xff, 
  0xff, 0xff, 0xff, 0xff, 0xff, 0x2d, 0x00, 0x17, 0x17, 0x11, 0x0e, 0x0d, 0x0d, 0x0c, 0x0d, 0x0e, 
  0x0f, 0x14, 0x16, 0x00, 0x00, 0x00, 0x00, 0x00, 0x00, 0x00, 0x00, 0x00, 0x00, 0x00, 0x00, 0x00, 
  0x00, 0x00, 0x00, 0x00, 0x00, 0x00, 0x00, 0x00, 0x00, 0x00, 0x00, 0x00, 0x00, 0x00, 0x00, 0x00, 
  0x00, 0x00, 0x00, 0x00, 0x00, 0x00, 0x00, 0x00, 0x00, 0x00, 0x00, 0x00, 0x00, 0x00, 0x12, 0xd0, 
  0xd3, 0xcf, 0xcd, 0xcc, 0xcc, 0xcc, 0xcc, 0xce, 0xd1, 0xd7, 0xd6, 0x14, 0x17, 0xfc, 0xff, 0xff, 
  0xff, 0xff, 0xff, 0xff, 0xff, 0xff, 0xff, 0xff, 0xff, 0x2e, 0x00, 0x1a, 0x1b, 0x15, 0x12, 0x11, 
  0x11, 0x10, 0x11, 0x12, 0x13, 0x18, 0x1a, 0x00, 0x0b, 0xe3, 0x59, 0x00, 0x00, 0x00, 0x00, 0x00, 
  0x00, 0x00, 0x00, 0x00, 0x00, 0x1c, 0xff, 0xff, 0x96, 0x07, 0x00, 0x00, 0x00, 0x00, 0x00, 0x00, 
  0x00, 0x00, 0x00, 0x84, 0xfb, 0xff, 0xd1, 0x32, 0x00, 0x00, 0x00, 0x00, 0x00, 0x00, 0x00, 0x00, 
  0x00, 0x34, 0xd2, 0xff, 0xfb, 0x84, 0x07, 0x00, 0x00, 0x00, 0x00, 0x00, 0x00, 0x00, 0x00, 0x05, 
  0x78, 0xf5, 0xff, 0xd7, 0x3e, 0x00, 0x00, 0x00, 0x00, 0x00, 0x00, 0x00, 0x00, 0x00, 0x1f, 0xae, 
  0xff, 0xfe, 0x9f, 0x16, 0x00, 0x00, 0x00, 0x00, 0x00, 0x00, 0x00, 0x00, 0x00, 0x45, 0xd6, 0xff, 
  0xf0, 0x7e, 0x0e, 0x00, 0x00, 0x00, 0x00, 0x00, 0x00, 0x00, 0x00, 0x04, 0x6e, 0xed, 0xff, 0x97, 
  0x00, 0x00, 0x00, 0x00, 0x00, 0x00, 0x00, 0x00, 0x00, 0x51, 0xdc, 0xff, 0xc6, 0x00, 0x00, 0x00, 
  0x00, 0x00, 0x00, 0x00, 0x2a, 0xbd, 0xff, 0xff, 0xb4, 0x31, 0x00, 0x00, 0x00, 0x00, 0x00, 0x08, 
  0x86, 0xfa, 0xff, 0xd3, 0x3e, 0x00, 0x00, 0x00, 0x00, 0x00, 0x00, 0x3f, 0xdb, 0xff, 0xf4, 0x75, 
  0x04, 0x00, 0x00, 0x00, 0x00, 0x00, 0x0c, 0x95, 0xfe, 0xff, 0xb9, 0x1f, 0x00, 0x00, 0x00, 0x00, 
  0x00, 0x00, 0x4e, 0xe3, 0xff, 0xf2, 0x62, 0x00, 0x00, 0x00, 0x00, 0x00, 0x00, 0x00, 0x33, 0xff, 
  0xff, 0xc7, 0x22, 0x00, 0x00, 0x00, 0x00, 0x00, 0x00, 0x00, 0x00, 0x1d, 0xfe, 0x94, 0x05, 0x00, 
  0x00, 0x00, 0x00, 0x00, 0x00, 0x00, 0x00, 0x00, 0x00, 0x22, 0x00, 0x00, 0x00, 0x00, 0x00, 0x00, 
  0x00, 0x00, 0x00, 0x00, 0x00, 0x00, 0x00, 0x00, 0x00, 0x02, 0x4a, 0x95, 0xbe, 0xcb, 0xba, 0x81, 
  0x1a, 0x00, 0x00, 0x00, 0x00, 0x00, 0x34, 0xd4, 0xff, 0xff, 0xff, 0xff, 0xff, 0xff, 0xf0, 0x3e, 
  0x00, 0x00, 0x00, 0x44, 0xf7, 0xff, 0xd1, 0x65, 0x2b, 0x1b, 0x44, 0xd5, 0xff, 0xe7, 0x0a, 0x00, 
  0x22, 0xf1, 0xff, 0x95, 0x03, 0x00, 0x00, 0x00, 0x00, 0x28, 0xff, 0xff, 0x4c, 0x00, 0xbb, 0xff, 
  0xbf, 0x02, 0x00, 0x00, 0x00, 0x00, 0x00, 0x00, 0xe6, 0xff, 0x69, 0x1c, 0xff, 0xff, 0x36, 0x00, 
  0x00, 0x00, 0x00, 0x00, 0x00, 0x00, 0xea, 0xff, 0x5c, 0x00, 0x7a, 0xa5, 0x00, 0x00, 0x00, 0x00, 
  0x00, 0x00, 0x00, 0x20, 0xfe, 0xff, 0x2d, 0x00, 0x00, 0x00, 0x00, 0x00, 0x00, 0x00, 0x00, 0x00, 
  0x00, 0x9b, 0xff, 0xd5, 0x00, 0x00, 0x00, 0x00, 0x00, 0x00, 0x00, 0x00, 0x00, 0x00, 0x55, 0xff, 
  0xfe, 0x49, 0x00, 0x00, 0x00, 0x00, 0x00, 0x00, 0x00, 0x00, 0x00, 0x4d, 0xf9, 0xff, 0x75, 0x00, 
  0x00, 0x00, 0x00, 0x00, 0x00, 0x00, 0x00, 0x00, 0x51, 0xfa, 0xfe, 0x6b, 0x00, 0x00, 0x00, 0x00, 
  0x00, 0x00, 0x00, 0x00, 0x00, 0x39, 0xf9, 0xfd, 0x60, 0x00, 0x00, 0x00, 0x00, 0x00, 0x00, 0x00, 
  0x00, 0x00, 0x00, 0xcb, 0xff, 0x81, 0x00, 0x00, 0x00, 0x00, 0x00, 0x00, 0x00, 0x00, 0x00, 0x00, 
  0x29, 0xff, 0xeb, 0x08, 0x00, 0x00, 0x00, 0x00, 0x00, 0x00, 0x00, 0x00, 0x00, 0x00, 0x62, 0xff, 
  0xb1, 0x00, 0x00, 0x00, 0x00, 0x00, 0x00, 0x00, 0x00, 0x00, 0x00, 0x00, 0x78, 0xff, 0xad, 0x00, 
  0x00, 0x00, 0x00, 0x00, 0x00, 0x00, 0x00, 0x00, 0x00, 0x00, 0x69, 0xff, 0xcd, 0x00, 0x00, 0x00, 
  0x00, 0x00, 0x00, 0x00, 0x00, 0x00, 0x00, 0x00, 0x15, 0x8c, 0x73, 0x00, 0x00, 0x00, 0x00, 0x00, 
  0x00, 0x00, 0x00, 0x00, 0x00, 0x00, 0x00, 0x00, 0x00, 0x00, 0x00, 0x00, 0x00, 0x00, 0x00, 0x00, 
  0x00, 0x00, 0x00, 0x00, 0x03, 0x2e, 0x08, 0x00, 0x00, 0x00, 0x00, 0x00, 0x00, 0x00, 0x00, 0x00, 
  0x00, 0x00, 0xa5, 0xff, 0xc6, 0x02, 0x00, 0x00, 0x00, 0x00, 0x00, 0x00, 0x00, 0x00, 0x00, 0x00, 
  0xe0, 0xff, 0xff, 0x37, 0x00, 0x00, 0x00, 0x00, 0x00, 0x00, 0x00, 0x00, 0x00, 0x00, 0x84, 0xff, 
  0xf9, 0x20, 0x00, 0x00, 0x00, 0x00, 0x00, 0x00, 0x00, 0x00, 0x00, 0x00, 0x00, 0x36, 0x1e, 0x00, 
  0x00, 0x00, 0x00, 0x00, 0x00, 0x00, 0x00, 0x00, 0x00, 0x00, 0x02, 0x58, 0x97, 0xb1, 0x97, 0x4e, 
  0x02, 0x00, 0x00, 0x00, 0x00, 0x00, 0x00, 0x00, 0x1a, 0xd0, 0xff, 0xff, 0xff, 0xff, 0xff, 0xc1, 
  0x0f, 0x00, 0x00, 0x00, 0x00, 0x00, 0x10, 0xdb, 0xff, 0xd3, 0x51, 0x2f, 0x63, 0xe2, 0xff, 0xbc, 
  0x05, 0x00, 0x00, 0x00, 0x00, 0x99, 0xff, 0xce, 0x0d, 0x00, 0x00, 0x00, 0x18, 0xe4, 0xff, 0x6a, 
  0x00, 0x00, 0x00, 0x2b, 0xfe, 0xf9, 0x27, 0x00, 0x00, 0x00, 0x00, 0x00, 0x51, 0xff, 0xdf, 0x03, 
  0x00, 0x00, 0x98, 0xff, 0x91, 0x00, 0x33, 0xc3, 0xe3, 0x8a, 0x8d, 0x1e, 0xe0, 0xff, 0x36, 0x00, 
  0x06, 0xf3, 0xfe, 0x23, 0x1d, 0xf0, 0xff, 0xff, 0xff, 0xff, 0xc1, 0x96, 0xff, 0x73, 0x00, 0x44, 
  0xff, 0xca, 0x00, 0xaf, 0xff, 0x86, 0x1a, 0xed, 0xff, 0xb7, 0x69, 0xff, 0xa0, 0x00, 0x87, 0xff, 
  0x85, 0x24, 0xfe, 0xde, 0x03, 0x00, 0xc0, 0xff, 0x91, 0x4c, 0xff, 0xb2, 0x00, 0xb3, 0xff, 0x56, 
  0x7f, 0xff, 0x8b, 0x00, 0x00, 0xbf, 0xff, 0x73, 0x40, 0xff, 0xc2, 0x00, 0xdb, 0xff, 0x30, 0xba, 
  0xff, 0x4f, 0x00, 0x00, 0xd1, 0xff, 0x5a, 0x43, 0xff, 0xbc, 0x00, 0xef, 0xff, 0x1d, 0xe7, 0xff, 
  0x28, 0x00, 0x00, 0xee, 0xff, 0x41, 0x4e, 0xff, 0xae, 0x00, 0xfb, 0xff, 0x11, 0xf9, 0xff, 0x16, 
  0x00, 0x18, 0xff, 0xff, 0x2c, 0x6b, 0xff, 0x92, 0x01, 0xfc, 0xff, 0x14, 0xff, 0xff, 0x0e, 0x00, 
  0x51, 0xff, 0xff, 0x1a, 0x95, 0xff, 0x61, 0x00, 0xec, 0xff, 0x1b, 0xf0, 0xff, 0x15, 0x00, 0xa0, 
  0xff, 0xff, 0x0b, 0xd4, 0xff, 0x25, 0x00, 0xd9, 0xff, 0x33, 0xce, 0xff, 0x3c, 0x3b, 0xfa, 0xff, 
  0xff, 0x3e, 0xff, 0xcc, 0x00, 0x00, 0xb5, 0xff, 0x59, 0x79, 0xff, 0xf9, 0xff, 0xf6, 0xd1, 0xff, 
  0xf4, 0xff, 0x5d, 0x1c, 0x00, 0x75, 0xff, 0x98, 0x0e, 0xd1, 0xff, 0xed, 0x4c, 0x62, 0xff, 0xff, 
  0x9d, 0xb4, 0x95, 0x00, 0x30, 0xff, 0xe7, 0x07, 0x04, 0x31, 0x0d, 0x00, 0x00, 0x24, 0x31, 0x59, 
  0xff, 0x44, 0x00, 0x00, 0xc7, 0xff, 0x74, 0x00, 0x00, 0x00, 0x00, 0x00, 0x00, 0x35, 0xf2, 0xc1, 
  0x00, 0x00, 0x00, 0x3c, 0xfe, 0xf9, 0x49, 0x00, 0x00, 0x00, 0x00, 0x40, 0xed, 0xf3, 0x25, 0x00, 
  0x00, 0x00, 0x00, 0x7f, 0xff, 0xfd, 0xaa, 0x6c, 0x70, 0xb5, 0xfe, 0xfa, 0x50, 0x00, 0x00, 0x00, 
  0x00, 0x00, 0x00, 0x6f, 0xf5, 0xff, 0xff, 0xff, 0xff, 0xdf, 0x43, 0x00, 0x00, 0x00, 0x00, 0x00, 
  0x00, 0x00, 0x00, 0x13, 0x60, 0x84, 0x7c, 0x4b, 0x06, 0x00, 0x00, 0x00, 0x00, 0x00, 0x00, 0x00, 
  0x00, 0x00, 0x00, 0x00, 0xa1, 0x96, 0x1d, 0x00, 0x00, 0x00, 0x00, 0x00, 0x00, 0x00, 0x00, 0x00, 
  0x00, 0x00, 0x00, 0x1e, 0xff, 0xff, 0x9a, 0x00, 0x00, 0x00, 0x00, 0x00, 0x00, 0x00, 0x00, 0x00, 
  0x00, 0x00, 0x00, 0x53, 0xff, 0xff, 0xae, 0x00, 0x00, 0x00, 0x00, 0x00, 0x00, 0x00, 0x00, 0x00, 
  0x00, 0x00, 0x00, 0x90, 0xff, 0xff, 0xea, 0x01, 0x00, 0x00, 0x00, 0x00, 0x00, 0x00, 0x00, 0x00, 
  0x00, 0x00, 0x00, 0xd2, 0xfb, 0xca, 0xff, 0x2b, 0x00, 0x00, 0x00, 0x00, 0x00, 0x00, 0x00, 0x00, 
  0x00, 0x00, 0x15, 0xfe, 0xc3, 0x7d, 0xff, 0x6a, 0x00, 0x00, 0x00, 0x00, 0x00, 0x00, 0x00, 0x00, 
  0x00, 0x00, 0x5a, 0xff, 0x7d, 0x3d, 0xff, 0xa9, 0x00, 0x00, 0x00, 0x00, 0x00, 0x00, 0x00, 0x00, 
  0x00, 0x00, 0x9f, 0xff, 0x37, 0x07, 0xf8, 0xe8, 0x00, 0x00, 0x00, 0x00, 0x00, 0x00, 0x00, 0x00, 
  0x00, 0x00, 0xe5, 0xee, 0x02, 0x00, 0xc1, 0xff, 0x28, 0x00, 0x00, 0x00, 0x00, 0x00, 0x00, 0x00, 
  0x00, 0x2d, 0xff, 0xab, 0x00, 0x00, 0x82, 0xff, 0x69, 0x00, 0x00, 0x00, 0x00, 0x00, 0x00, 0x00, 
  0x00, 0x76, 0xff, 0x65, 0x00, 0x00, 0x43, 0xff, 0xaa, 0x00, 0x00, 0x00, 0x00, 0x00, 0x00, 0x00, 
  0x00, 0xbe, 0xff, 0x1f, 0x00, 0x00, 0x0a, 0xfa, 0xeb, 0x01, 0x00, 0x00, 0x00, 0x00, 0x00, 0x00, 
  0x0d, 0xfa, 0xd9, 0x00, 0x00, 0x00, 0x00, 0xc4, 0xff, 0x2f, 0x00, 0x00, 0x00, 0x00, 0x02, 0x10, 
  0x52, 0xff, 0x94, 0x0d, 0x1d, 0x2e, 0x3e, 0xaf, 0xff, 0x73, 0x00, 0x00, 0x00, 0x00, 0x4a, 0xff, 
  0xfa, 0xff, 0xff, 0xff, 0xff, 0xff, 0xff, 0xff, 0xff, 0xb8, 0x00, 0x00, 0x00, 0x00, 0x10, 0xeb, 
  0xff, 0xfc, 0xc4, 0xb6, 0xa7, 0x98, 0x8a, 0x7b, 0xf9, 0xf6, 0x08, 0x00, 0x00, 0x00, 0x00, 0x38, 
  0xff, 0xc2, 0x00, 0x00, 0x00, 0x00, 0x00, 0x00, 0xc0, 0xff, 0x46, 0x00, 0x00, 0x00, 0x00, 0x80, 
  0xff, 0x78, 0x00, 0x00, 0x00, 0x00, 0x00, 0x00, 0x7c, 0xff, 0x90, 0x00, 0x00, 0x00, 0x00, 0xd0, 
  0xff, 0x2d, 0x00, 0x00, 0x00, 0x00, 0x00, 0x00, 0x37, 0xff, 0xdc, 0x00, 0x00, 0x00, 0x24, 0xff, 
  0xe1, 0x00, 0x00, 0x00, 0x00, 0x00, 0x00, 0x00, 0x03, 0xef, 0xff, 0x2d, 0x00, 0x00, 0x81, 0xff, 
  0x9c, 0x00, 0x00, 0x00, 0x00, 0x00, 0x00, 0x00, 0x00, 0xae, 0xff, 0x83, 0x00, 0x03, 0xe2, 0xff, 
  0x5c, 0x00, 0x00, 0x00, 0x00, 0x00, 0x00, 0x00, 0x00, 0x6c, 0xff, 0xe2, 0x04, 0x3b, 0xff, 0xf7, 
  0x1a, 0x00, 0x00, 0x00, 0x00, 0x00, 0x00, 0x00, 0x00, 0x2a, 0xff, 0xfe, 0x35, 0x00, 0x26, 0x12, 
  0x00, 0x00, 0x00, 0x00, 0x00, 0x00, 0x00, 0x00, 0x00, 0x00, 0x2a, 0x1a, 0x00, 0x00, 0x00, 0x1f, 
  0x5a, 0x87, 0xa6, 0xb8, 0xba, 0xa7, 0x81, 0x2f, 0x00, 0x00, 0x00, 0x00, 0x00, 0x9f, 0xff, 0xff, 
  0xff, 0xff, 0xff, 0xff, 0xff, 0xff, 0xff, 0x9a, 0x03, 0x00, 0x00, 0x00, 0x5b, 0xfb, 0xff, 0xb3, 
  0x64, 0x42, 0x39, 0x53, 0x9b, 0xfa, 0xff, 0x82, 0x00, 0x00, 0x00, 0x00, 0xcc, 0xff, 0x38, 0x00, 
  0x00, 0x00, 0x00, 0x00, 0x4e, 0xff, 0xf0, 0x07, 0x00, 0x00, 0x00, 0xcc, 0xff, 0x38, 0x00, 0x00, 
  0x00, 0x00, 0x00, 0x00, 0xdc, 0xff, 0x2c, 0x00, 0x00, 0x00, 0xcc, 0xff, 0x38, 0x00, 0x00, 0x00, 
  0x00, 0x00, 0x00, 0xd0, 0xff, 0x36, 0x00, 0x00, 0x00, 0xcc, 0xff, 0x38, 0x00, 0x00, 0x00, 0x00, 
  0x00, 0x0b, 0xf4, 0xfd, 0x15, 0x00, 0x00, 0x00, 0xcc, 0xff, 0x38, 0x00, 0x00, 0x00, 0x00, 0x00, 
  0x7b, 0xff, 0xb9, 0x00, 0x00, 0x00, 0x00, 0xcc, 0xff, 0x38, 0x00, 0x00, 0x00, 0x01, 0x67, 0xfd, 
  0xf2, 0x2a, 0x00, 0x00, 0x00, 0x00, 0xcc, 0xff, 0x46, 0x22, 0x39, 0x76, 0xcd, 0xff, 0xe6, 0x3a, 
  0x00, 0x00, 0x00, 0x00, 0x00, 0xcc, 0xff, 0xff, 0xff, 0xff, 0xff, 0xff, 0xff, 0xa5, 0x3c, 0x00, 
  0x00, 0x00, 0x00, 0x00, 0xcc, 0xff, 0xcc, 0xb2, 0xa3, 0x94, 0x9b, 0xcc, 0xff, 0xff, 0x9b, 0x03, 
  0x00, 0x00, 0x00, 0xcc, 0xff, 0x38, 0x00, 0x00, 0x00, 0x00, 0x00, 0x39, 0xdf, 0xff, 0x8d, 0x00, 
  0x00, 0x00, 0xcc, 0xff, 0x38, 0x00, 0x00, 0x00, 0x00, 0x00, 0x00, 0x22, 0xf6, 0xfd, 0x26, 0x00, 
  0x00, 0xcc, 0xff, 0x38, 0x00, 0x00, 0x00, 0x00, 0x00, 0x00, 0x00, 0x9a, 0xff, 0x79, 0x00, 0x00, 
  0xcc, 0xff, 0x38, 0x00, 0x00, 0x00, 0x00, 0x00, 0x00, 0x00, 0x6a, 0xff, 0x9f, 0x00, 0x00, 0xcc, 
  0xff, 0x38, 0x00, 0x00, 0x00, 0x00, 0x00, 0x00, 0x00, 0x5d, 0xff, 0xa6, 0x00, 0x00, 0xcc, 0xff, 
  0x38, 0x00, 0x00, 0x00, 0x00, 0x00, 0x00, 0x00, 0x81, 0xff, 0x8f, 0x00, 0x00, 0xcc, 0xff, 0x38, 
  0x00, 0x00, 0x00, 0x00, 0x00, 0x00, 0x09, 0xdf, 0xff, 0x58, 0x00, 0x00, 0xcc, 0xff, 0x38, 0x00, 
  0x00, 0x00, 0x00, 0x00, 0x04, 0xb3, 0xff, 0xed, 0x0d, 0x00, 0x00, 0xcc, 0xff, 0x38, 0x00, 0x00, 
  0x00, 0x00, 0x3f, 0xcd, 0xff, 0xfe, 0x57, 0x00, 0x00, 0x10, 0xd3, 0xff, 0x6f, 0x57, 0x69, 0x99, 
  0xdd, 0xff, 0xff, 0xea, 0x4f, 0x00, 0x00, 0x0d, 0xee, 0xff, 0xff, 0xff, 0xff, 0xff, 0xff, 0xfb, 
  0xc8, 0x6e, 0x0b, 0x00, 0x00, 0x00, 0x00, 0x09, 0x32, 0x47, 0x4d, 0x4a, 0x3c, 0x29, 0x0a, 0x00, 
  0x00, 0x00, 0x00, 0x00, 0x00, 0x00, 0x00, 0x00, 0x00, 0x00, 0x20, 0x88, 0xb5, 0xb7, 0x93, 0x3d, 
  0x00, 0x00, 0x00, 0x00, 0x00, 0x00, 0x00, 0x70, 0xfa, 0xff, 0xff, 0xff, 0xff, 0xff, 0xb3, 0x14, 
  0x00, 0x00, 0x00, 0x00, 0x74, 0xff, 0xfe, 0xa3, 0x57, 0x60, 0x99, 0xf5, 0xff, 0xcf, 0x0d, 0x00, 
  0x00, 0x35, 0xfb, 0xfd, 0x57, 0x00, 0x00, 0x00, 0x00, 0x29, 0xe2, 0xff, 0x77, 0x00, 0x00, 0xcc, 
  0xff, 0x88, 0x00, 0x00, 0x00, 0x00, 0x00, 0x00, 0x3d, 0xed, 0x27, 0x00, 0x49, 0xff, 0xe9, 0x0a, 
  0x00, 0x00, 0x00, 0x00, 0x00, 0x00, 0x00, 0x01, 0x00, 0x00, 0xb4, 0xff, 0x7f, 0x00, 0x00, 0x00, 
  0x00, 0x00, 0x00, 0x00, 0x00, 0x00, 0x00, 0x0c, 0xf8, 0xff, 0x1f, 0x00, 0x00, 0x00, 0x00, 0x00, 
  0x00, 0x00, 0x00, 0x00, 0x00, 0x4e, 0xff, 0xde, 0x00, 0x00, 0x00, 0x00, 0x00, 0x00, 0x00, 0x00, 
  0x00, 0x00, 0x00, 0x7e, 0xff, 0xa9, 0x00, 0x00, 0x00, 0x00, 0x00, 0x00, 0x00, 0x00, 0x00, 0x00, 
  0x00, 0xa9, 0xff, 0x79, 0x00, 0x00, 0x00, 0x00, 0x00, 0x00, 0x00, 0x00, 0x00, 0x00, 0x00, 0xc4, 
  0xff, 0x64, 0x00, 0x00, 0x00, 0x00, 0x00, 0x00, 0x00, 0x00, 0x00, 0x00, 0x00, 0xd1, 0xff, 0x54, 
  0x00, 0x00, 0x00, 0x00, 0x00, 0x00, 0x00, 0x00, 0x00, 0x00, 0x00, 0xdc, 0xff, 0x47, 0x00, 0x00, 
  0x00, 0x00, 0x00, 0x00, 0x00, 0x00, 0x00, 0x00, 0x00, 0xd9, 0xff, 0x4d, 0x00, 0x00, 0x00, 0x00, 
  0x00, 0x00, 0x00, 0x00, 0x00, 0x00, 0x00, 0xcb, 0xff, 0x5b, 0x00, 0x00, 0x00, 0x00, 0x00, 0x00, 
  0x00, 0x00, 0x00, 0x00, 0x00, 0xaf, 0xff, 0x7d, 0x00, 0x00, 0x00, 0x00, 0x00, 0x00, 0x00, 0x00, 
  0x00, 0x00, 0x00, 0x82, 0xff, 0xb1, 0x00, 0x00, 0x00, 0x00, 0x00, 0x00, 0x00, 0x00, 0x00, 0x41, 
  0xd9, 0x41, 0xff, 0xf3, 0x0d, 0x00, 0x00, 0x00, 0x00, 0x00, 0x00, 0x00, 0x14, 0xe6, 0xa8, 0x03, 
  0xe2, 0xff, 0x7f, 0x00, 0x00, 0x00, 0x00, 0x00, 0x00, 0x0e, 0xc1, 0xf8, 0x27, 0x00, 0x67, 0xff, 
  0xfc, 0x5c, 0x00, 0x00, 0x00, 0x00, 0x37, 0xd0, 0xff, 0x67, 0x00, 0x00, 0x01, 0xb0, 0xff, 0xff, 
  0xcf, 0x96, 0x9a, 0xc8, 0xff, 0xff, 0x83, 0x00, 0x00, 0x00, 0x00, 0x05, 0x87, 0xf3, 0xff, 0xff, 
  0xff, 0xff, 0xe7, 0x5b, 0x00, 0x00, 0x00, 0x00, 0x00, 0x00, 0x00, 0x10, 0x53, 0x75, 0x76, 0x4a, 
  0x07, 0x00, 0x00, 0x00, 0x00, 0x00, 0x01, 0x38, 0x73, 0x9d, 0xb4, 0xc2, 0xb8, 0x8e, 0x3d, 0x00, 
  0x00, 0x00, 0x00, 0x00, 0x00, 0x9e, 0xff, 0xff, 0xff, 0xff, 0xff, 0xff, 0xff, 0xff, 0xc2, 0x22, 
  0x00, 0x00, 0x00, 0x00, 0x61, 0xff, 0xff, 0x99, 0x56, 0x4b, 0x68, 0xab, 0xfb, 0xff, 0xec, 0x2c, 
  0x00, 0x00, 0x00, 0x04, 0xff, 0xff, 0x28, 0x00, 0x00, 0x00, 0x00, 0x22, 0xd0, 0xff, 0xd9, 0x0a, 
  0x00, 0x00, 0x04, 0xff, 0xff, 0x28, 0x00, 0x00, 0x00, 0x00, 0x00, 0x15, 0xe7, 0xff, 0x7c, 0x00, 
  0x00, 0x04, 0xff, 0xff, 0x28, 0x00, 0x00, 0x00, 0x00, 0x00, 0x00, 0x62, 0xff, 0xe9, 0x04, 0x00, 
  0x04, 0xff, 0xff, 0x28, 0x00, 0x00, 0x00, 0x00, 0x00, 0x00, 0x07, 0xf0, 0xff, 0x44, 0x00, 0x04, 
  0xff, 0xff, 0x28, 0x00, 0x00, 0x00, 0x00, 0x00, 0x00, 0x00, 0xb2, 0xff, 0x80, 0x00, 0x04, 0xff, 
  0xff, 0x28, 0x00, 0x00, 0x00, 0x00, 0x00, 0x00, 0x00, 0x82, 0xff, 0xa8, 0x00, 0x04, 0xff, 0xff, 
  0x28, 0x00, 0x00, 0x00, 0x00, 0x00, 0x00, 0x00, 0x66, 0xff, 0xc4, 0x00, 0x04, 0xff, 0xff, 0x28, 
  0x00, 0x00, 0x00, 0x00, 0x00, 0x00, 0x00, 0x5a, 0xff, 0xd0, 0x00, 0x04, 0xff, 0xff, 0x28, 0x00, 
  0x00, 0x00, 0x00, 0x00, 0x00, 0x00, 0x59, 0xff, 0xd4, 0x00, 0x04, 0xff, 0xff, 0x28, 0x00, 0x00, 
  0x00, 0x00, 0x00, 0x00, 0x00, 0x6a, 0xff, 0xcb, 0x00, 0x04, 0xff, 0xff, 0x28, 0x00, 0x00, 0x00, 
  0x00, 0x00, 0x00, 0x00, 0x7d, 0xff, 0xb6, 0x00, 0x04, 0xff, 0xff, 0x28, 0x00, 0x00, 0x00, 0x00, 
  0x00, 0x00, 0x00, 0xae, 0xff, 0x93, 0x00, 0x04, 0xff, 0xff, 0x28, 0x00, 0x00, 0x00, 0x00, 0x00, 
  0x00, 0x00, 0xe8, 0xff, 0x5e, 0x00, 0x04, 0xff, 0xff, 0x28, 0x00, 0x00, 0x00, 0x00, 0x00, 0x00, 
  0x47, 0xff, 0xfc, 0x16, 0x00, 0x04, 0xff, 0xff, 0x28, 0x00, 0x00, 0x00, 0x00, 0x00, 0x00, 0xbd, 
  0xff, 0xb2, 0x00, 0x00, 0x04, 0xff, 0xff, 0x28, 0x00, 0x00, 0x00, 0x00, 0x00, 0x6b, 0xff, 0xfe, 
  0x37, 0x00, 0x00, 0x04, 0xff, 0xff, 0x28, 0x00, 0x00, 0x00, 0x00, 0x4f, 0xf9, 0xff, 0x97, 0x00, 
  0x00, 0x00, 0x04, 0xff, 0xff, 0x28, 0x00, 0x00, 0x1f, 0x93, 0xfd, 0xff, 0xbc, 0x08, 0x00, 0x00, 
  0x00, 0x1a, 0xff, 0xff, 0x79, 0x86, 0xcb, 0xff, 0xff, 0xff, 0x91, 0x05, 0x00, 0x00, 0x00, 0x13, 
  0xf9, 0xff, 0xff, 0xff, 0xff, 0xff, 0xe8, 0xa2, 0x33, 0x00, 0x00, 0x00, 0x00, 0x00, 0x00, 0x12, 
  0x35, 0x3e, 0x3a, 0x2d, 0x16, 0x00, 0x00, 0x00, 0x00, 0x00, 0x00, 0x00, 0x00, 0x00, 0x4d, 0x24, 
  0x02, 0x15, 0x2c, 0x43, 0x5a, 0x71, 0x88, 0x9f, 0xbc, 0x74, 0x00, 0x01, 0xff, 0xff, 0xfc, 0xff, 
  0xff, 0xff, 0xff, 0xff, 0xff, 0xff, 0xff, 0xf7, 0x02, 0x00, 0xf9, 0xff, 0xea, 0xd2, 0xbc, 0xa5, 
  0x8f, 0x7a, 0x65, 0x56, 0x54, 0x49, 0x00, 0x00, 0xf4, 0xff, 0x28, 0x00, 0x00, 0x00, 0x00, 0x00, 
  0x00, 0x00, 0x00, 0x00, 0x00, 0x00, 0xf1, 0xff, 0x28, 0x00, 0x00, 0x00, 0x00, 0x00, 0x00, 0x00, 
  0x00, 0x00, 0x00, 0x00, 0xef, 0xff, 0x28, 0x00, 0x00, 0x00, 0x00, 0x00, 0x00, 0x00, 0x00, 0x00, 
  0x00, 0x00, 0xee, 0xff, 0x28, 0x00, 0x00, 0x00, 0x00, 0x00, 0x00, 0x00, 0x00, 0x00, 0x00, 0x00, 
  0xee, 0xff, 0x28, 0x00, 0x00, 0x00, 0x00, 0x00, 0x00, 0x00, 0x00, 0x00, 0x00, 0x00, 0xed, 0xff, 
  0x28, 0x00, 0x00, 0x00, 0x00, 0x00, 0x00, 0x00, 0x00, 0x00, 0x00, 0x00, 0xed, 0xff, 0x28, 0x02, 
  0x16, 0x2c, 0x42, 0x5a, 0x76, 0x7f, 0x06, 0x00, 0x00, 0x8d, 0xfd, 0xff, 0xef, 0xfd, 0xff, 0xff, 
  0xff, 0xff, 0xff, 0xff, 0x5e, 0x00, 0x00, 0x4d, 0xfe, 0xff, 0xf6, 0xe3, 0xd0, 0xbd, 0xab, 0x9b, 
  0x94, 0x94, 0x38, 0x00, 0x00, 0x00, 0xed, 0xff, 0x28, 0x00, 0x00, 0x00, 0x00, 0x00, 0x00, 0x00, 
  0x00, 0x00, 0x00, 0x00, 0xed, 0xff, 0x28, 0x00, 0x00, 0x00, 0x00, 0x00, 0x00, 0x00, 0x00, 0x00, 
  0x00, 0x00, 0xed, 0xff, 0x28, 0x00, 0x00, 0x00, 0x00, 0x00, 0x00, 0x00, 0x00, 0x00, 0x00, 0x00, 
  0xee, 0xff, 0x28, 0x00, 0x00, 0x00, 0x00, 0x00, 0x00, 0x00, 0x00, 0x00, 0x00, 0x00, 0xef, 0xff, 
  0x28, 0x00, 0x00, 0x00, 0x00, 0x00, 0x00, 0x00, 0x00, 0x00, 0x00, 0x00, 0xf0, 0xff, 0x28, 0x00, 
  0x00, 0x00, 0x00, 0x00, 0x00, 0x00, 0x00, 0x00, 0x00, 0x00, 0xf2, 0xff, 0x28, 0x00, 0x00, 0x00, 
  0x00, 0x00, 0x00, 0x00, 0x00, 0x00, 0x00, 0x00, 0xf5, 0xff, 0x28, 0x00, 0x00, 0x00, 0x00, 0x00, 
  0x00, 0x00, 0x00, 0x00, 0x00, 0x00, 0xfb, 0xff, 0x28, 0x00, 0x00, 0x00, 0x00, 0x01, 0x06, 0x0d, 
  0x14, 0x1d, 0x04, 0x0f, 0xff, 0xff, 0xea, 0xea, 0xef, 0xf5, 0xfb, 0xff, 0xff, 0xff, 0xff, 0xff, 
  0xa1, 0x02, 0xd6, 0xff, 0xff, 0xff, 0xff, 0xff, 0xff, 0xff, 0xfe, 0xfb, 0xfa, 0xfe, 0xe2, 0x00, 
  0x16, 0x41, 0x27, 0x1c, 0x14, 0x0e, 0x09, 0x04, 0x00, 0x00, 0x00, 0x01, 0x07, 0x00, 0x35, 0x39, 
  0x02, 0x07, 0x18, 0x29, 0x3b, 0x4e, 0x61, 0x75, 0x91, 0x88, 0x02, 0x00, 0xad, 0xff, 0xfa, 0xff, 
  0xff, 0xff, 0xff, 0xff, 0xff, 0xff, 0xff, 0xff, 0x44, 0x00, 0xa1, 0xff, 0xfb, 0xe8, 0xd5, 0xc4, 
  0xb2, 0xa1, 0x90, 0x80, 0x7c, 0x7b, 0x20, 0x00, 0x9e, 0xff, 0x94, 0x00, 0x00, 0x00, 0x00, 0x00, 
  0x00, 0x00, 0x00, 0x00, 0x00, 0x00, 0x9c, 0xff, 0x94, 0x00, 0x00, 0x00, 0x00, 0x00, 0x00, 0x00, 
  0x00, 0x00, 0x00, 0x00, 0x9a, 0xff, 0x94, 0x00, 0x00, 0x00, 0x00, 0x00, 0x00, 0x00, 0x00, 0x00, 
  0x00, 0x00, 0x99, 0xff, 0x94, 0x00, 0x00, 0x00, 0x00, 0x00, 0x00, 0x00, 0x00, 0x00, 0x00, 0x00, 
  0x99, 0xff, 0x94, 0x00, 0x00, 0x00, 0x00, 0x00, 0x00, 0x00, 0x00, 0x00, 0x00, 0x00, 0x99, 0xff, 
  0x94, 0x00, 0x00, 0x00, 0x00, 0x00, 0x00, 0x00, 0x00, 0x00, 0x00, 0x00, 0x99, 0xff, 0x94, 0x00, 
  0x0b, 0x20, 0x37, 0x4c, 0x66, 0x7e, 0x19, 0x00, 0x00, 0x44, 0xf4, 0xff, 0xf5, 0xf6, 0xff, 0xff, 
  0xff, 0xff, 0xff, 0xff, 0x99, 0x00, 0x00, 0x13, 0xe7, 0xff, 0xfc, 0xec, 0xda, 0xca, 0xb9, 0xab, 
  0xa0, 0x9c, 0x63, 0x00, 0x00, 0x00, 0x98, 0xff, 0x94, 0x00, 0x00, 0x00, 0x00, 0x00, 0x00, 0x00, 
  0x00, 0x00, 0x00, 0x00, 0x98, 0xff, 0x94, 0x00, 0x00, 0x00, 0x00, 0x00, 0x00, 0x00, 0x00, 0x00, 
  0x00, 0x00, 0x98, 0xff, 0x94, 0x00, 0x00, 0x00, 0x00, 0x00, 0x00, 0x00, 0x00, 0x00, 0x00, 0x00, 
  0x98, 0xff, 0x95, 0x00, 0x00, 0x00, 0x00, 0x00, 0x00, 0x00, 0x00, 0x00, 0x00, 0x00, 0x98, 0xff, 
  0x96, 0x00, 0x00, 0x00, 0x00, 0x00, 0x00, 0x00, 0x00, 0x00, 0x00, 0x00, 0x98, 0xff, 0x97, 0x00, 
  0x00, 0x00, 0x00, 0x00, 0x00, 0x00, 0x00, 0x00, 0x00, 0x00, 0x98, 0xff, 0x99, 0x00, 0x00, 0x00, 
  0x00, 0x00, 0x00, 0x00, 0x00, 0x00, 0x00, 0x00, 0x98, 0xff, 0x9b, 0x00, 0x00, 0x00, 0x00, 0x00, 
  0x00, 0x00, 0x00, 0x00, 0x00, 0x00, 0x98, 0xff, 0x9c, 0x00, 0x00, 0x00, 0x00, 0x00, 0x00, 0x00, 
  0x00, 0x00, 0x00, 0x00, 0x9d, 0xff, 0x9f, 0x00, 0x00, 0x00, 0x00, 0x00, 0x00, 0x00, 0x00, 0x00, 
  0x00, 0x00, 0x84, 0xff, 0xa2, 0x00, 0x00, 0x00, 0x00, 0x00, 0x00, 0x00, 0x00, 0x00, 0x00, 0x00, 
  0x01, 0x2b, 0x20, 0x00, 0x00, 0x00, 0x00, 0x00, 0x00, 0x00, 0x00, 0x00, 0x00, 0x00, 0x00, 0x00, 
  0x00, 0x00, 0x00, 0x2c, 0x94, 0xc6, 0xc6, 0xa5, 0x56, 0x01, 0x00, 0x00, 0x00, 0x00, 0x00, 0x00, 
  0x00, 0x7a, 0xfc, 0xff, 0xff, 0xff, 0xff, 0xff, 0xb5, 0x0c, 0x00, 0x00, 0x00, 0x00, 0x00, 0x7c, 
  0xff, 0xff, 0xa5, 0x51, 0x4d, 0x85, 0xef, 0xff, 0xc3, 0x05, 0x00, 0x00, 0x00, 0x41, 0xfe, 0xfe, 
  0x61, 0x00, 0x00, 0x00, 0x00, 0x2a, 0xf1, 0xfe, 0x19, 0x00, 0x00, 0x02, 0xd7, 0xff, 0x8f, 0x00, 
  0x00, 0x00, 0x00, 0x00, 0x00, 0x6b, 0x89, 0x00, 0x00, 0x00, 0x56, 0xff, 0xe9, 0x0d, 0x00, 0x00, 
  0x00, 0x00, 0x00, 0x00, 0x00, 0x00, 0x00, 0x00, 0x00, 0xc7, 0xff, 0x81, 0x00, 0x00, 0x00, 0x00, 
  0x00, 0x00, 0x00, 0x00, 0x00, 0x00, 0x00, 0x1c, 0xfe, 0xff, 0x1c, 0x00, 0x00, 0x00, 0x00, 0x00, 
  0x00, 0x00, 0x00, 0x00, 0x00, 0x00, 0x68, 0xff, 0xd1, 0x00, 0x00, 0x00, 0x00, 0x00, 0x00, 0x00, 
  0x00, 0x00, 0x00, 0x00, 0x00, 0x9c, 0xff, 0x91, 0x00, 0x00, 0x00, 0x00, 0x00, 0x00, 0x00, 0x00, 
  0x00, 0x00, 0x00, 0x00, 0xc9, 0xff, 0x67, 0x00, 0x00, 0x00, 0x00, 0x00, 0x00, 0x00, 0x00, 0x00, 
  0x00, 0x00, 0x00, 0xe8, 0xff, 0x43, 0x00, 0x00, 0x00, 0x1c, 0x8e, 0x9a, 0xaa, 0xbd, 0xd2, 0xea, 
  0x43, 0x00, 0xf6, 0xff, 0x33, 0x00, 0x00, 0x00, 0x25, 0xff, 0xff, 0xff, 0xff, 0xff, 0xff, 0xab, 
  0x01, 0xff, 0xff, 0x28, 0x00, 0x00, 0x00, 0x00, 0x76, 0x85, 0x62, 0x3e, 0x99, 0xff, 0xa5, 0x00, 
  0xfd, 0xff, 0x27, 0x00, 0x00, 0x00, 0x00, 0x00, 0x00, 0x00, 0x00, 0x96, 0xff, 0xa2, 0x00, 0xf2, 
  0xff, 0x33, 0x00, 0x00, 0x00, 0x00, 0x00, 0x00, 0x00, 0x00, 0xa9, 0xff, 0xa1, 0x00, 0xda, 0xff, 
  0x4c, 0x00, 0x00, 0x00, 0x00, 0x00, 0x00, 0x00, 0x00, 0xd8, 0xff, 0xa0, 0x00, 0xb6, 0xff, 0x77, 
  0x00, 0x00, 0x00, 0x00, 0x00, 0x00, 0x00, 0x1a, 0xff, 0xff, 0xa0, 0x00, 0x7f, 0xff, 0xbf, 0x00, 
  0x00, 0x00, 0x00, 0x00, 0x00, 0x00, 0x81, 0xff, 0xff, 0xa0, 0x00, 0x2d, 0xff, 0xfe, 0x35, 0x00, 
  0x00, 0x00, 0x00, 0x00, 0x1b, 0xef, 0xff, 0xff, 0xa0, 0x00, 0x00, 0xb6, 0xff, 0xde, 0x2b, 0x00, 
  0x00, 0x00, 0x16, 0xcc, 0xff, 0xf5, 0xff, 0xa2, 0x00, 0x00, 0x1e, 0xe7, 0xff, 0xfe, 0xbb, 0x8e, 
  0x9b, 0xec, 0xff, 0xdc, 0x96, 0xff, 0xa8, 0x00, 0x00, 0x00, 0x22, 0xb7, 0xfe, 0xff, 0xff, 0xff, 
  0xff, 0xc4, 0x1a, 0x83, 0xff, 0xac, 0x00, 0x00, 0x00, 0x00, 0x00, 0x20, 0x60, 0x7e, 0x78, 0x44, 
  0x00, 0x00, 0x02, 0x31, 0x1e, 0x00, 0x00, 0x81, 0x5e, 0x02, 0x00, 0x00, 0x00, 0x00, 0x00, 0x00, 
  0x11, 0x86, 0x48, 0x00, 0x00, 0x00, 0xfe, 0xff, 0x41, 0x00, 0x00, 0x00, 0x00, 0x00, 0x00, 0x2b, 
  0xff, 0xff, 0x15, 0x00, 0x00, 0xf6, 0xff, 0x40, 0x00, 0x00, 0x00, 0x00, 0x00, 0x00, 0x22, 0xff, 
  0xff, 0x18, 0x00, 0x00, 0xf1, 0xff, 0x3b, 0x00, 0x00, 0x00, 0x00, 0x00, 0x00, 0x1d, 0xff, 0xff, 
  0x15, 0x00, 0x00, 0xef, 0xff, 0x39, 0x00, 0x00, 0x00, 0x00, 0x00, 0x00, 0x1b, 0xff, 0xff, 0x15, 
  0x00, 0x00, 0xee, 0xff, 0x38, 0x00, 0x00, 0x00, 0x00, 0x00, 0x00, 0x1a, 0xff, 0xff, 0x15, 0x00, 
  0x00, 0xee, 0xff, 0x38, 0x00, 0x00, 0x00, 0x00, 0x00, 0x00, 0x19, 0xff, 0xff, 0x15, 0x00, 0x00, 
  0xed, 0xff, 0x38, 0x00, 0x00, 0x00, 0x00, 0x00, 0x00, 0x19, 0xff, 0xff, 0x14, 0x00, 0x00, 0xed, 
  0xff, 0x38, 0x00, 0x00, 0x00, 0x00, 0x00, 0x00, 0x19, 0xff, 0xff, 0x14, 0x00, 0x00, 0xed, 0xff, 
  0x38, 0x00, 0x00, 0x00, 0x07, 0x18, 0x32, 0x5a, 0xff, 0xff, 0x14, 0x07, 0xd2, 0xfc, 0xff, 0xe1, 
  0xe3, 0xef, 0xfb, 0xff, 0xff, 0xff, 0xff, 0xff, 0xff, 0x14, 0x01, 0xdf, 0xff, 0xff, 0xff, 0xfe, 
  0xf5, 0xe9, 0xdd, 0xd1, 0xd0, 0xe0, 0xff, 0xff, 0x14, 0x00, 0x25, 0xf3, 0xff, 0x40, 0x01, 0x00, 
  0x00, 0x00, 0x00, 0x00, 0x19, 0xff, 0xff, 0x14, 0x00, 0x00, 0xed, 0xff, 0x38, 0x00, 0x00, 0x00, 
  0x00, 0x00, 0x00, 0x19, 0xff, 0xff, 0x14, 0x00, 0x00, 0xed, 0xff, 0x38, 0x00, 0x00, 0x00, 0x00, 
  0x00, 0x00, 0x19, 0xff, 0xff, 0x14, 0x00, 0x00, 0xed, 0xff, 0x38, 0x00, 0x00, 0x00, 0x00, 0x00, 
  0x00, 0x19, 0xff, 0xff, 0x14, 0x00, 0x00, 0xee, 0xff, 0x38, 0x00, 0x00, 0x00, 0x00, 0x00, 0x00, 
  0x1a, 0xff, 0xff, 0x14, 0x00, 0x00, 0xee, 0xff, 0x38, 0x00, 0x00, 0x00, 0x00, 0x00, 0x00, 0x1a, 
  0xff, 0xff, 0x14, 0x00, 0x00, 0xee, 0xff, 0x3a, 0x00, 0x00, 0x00, 0x00, 0x00, 0x00, 0x1a, 0xff, 
  0xff, 0x14, 0x00, 0x00, 0xef, 0xff, 0x3b, 0x00, 0x00, 0x00, 0x00, 0x00, 0x00, 0x1c, 0xff, 0xff, 
  0x14, 0x00, 0x00, 0xf1, 0xff, 0x3d, 0x00, 0x00, 0x00, 0x00, 0x00, 0x00, 0x1d, 0xff, 0xff, 0x17, 
  0x00, 0x00, 0xf6, 0xff, 0x43, 0x00, 0x00, 0x00, 0x00, 0x00, 0x00, 0x22, 0xff, 0xff, 0x1b, 0x00, 
  0x00, 0xe8, 0xff, 0x4c, 0x00, 0x00, 0x00, 0x00, 0x00, 0x00, 0x18, 0xf7, 0xff, 0x22, 0x00, 0x00, 
  0x13, 0x4d, 0x11, 0x00, 0x00, 0x00, 0x00, 0x00, 0x00, 0x00, 0x14, 0x43, 0x03, 0x00, 0x07, 0x01, 
  0x00, 0x05, 0x0d, 0x16, 0x2a, 0x41, 0x58, 0x39, 0x00, 0x20, 0xfe, 0xff, 0xfe, 0xff, 0xff, 0xff, 
  0xff, 0xff, 0xff, 0xf1, 0x09, 0x04, 0xdf, 0xff, 0xf8, 0xec, 0xff, 0xff, 0xc4, 0xba, 0xc1, 0xc8, 
  0x13, 0x00, 0x0d, 0x15, 0x00, 0x31, 0xff, 0xff, 0x08, 0x00, 0x00, 0x00, 0x00, 0x00, 0x00, 0x00, 
  0x00, 0x31, 0xff, 0xff, 0x08, 0x00, 0x00, 0x00, 0x00, 0x00, 0x00, 0x00, 0x00, 0x32, 0xff, 0xff, 
  0x09, 0x00, 0x00, 0x00, 0x00, 0x00, 0x00, 0x00, 0x00, 0x32, 0xff, 0xff, 0x09, 0x00, 0x00, 0x00, 
  0x00, 0x00, 0x00, 0x00, 0x00, 0x32, 0xff, 0xff, 0x0a, 0x00, 0x00, 0x00, 0x00, 0x00, 0x00, 0x00, 
  0x00, 0x33, 0xff, 0xff, 0x0a, 0x00, 0x00, 0x00, 0x00, 0x00, 0x00, 0x00, 0x00, 0x33, 0xff, 0xff, 
  0x0b, 0x00, 0x00, 0x00, 0x00, 0x00, 0x00, 0x00, 0x00, 0x34, 0xff, 0xff, 0x0c, 0x00, 0x00, 0x00, 
  0x00, 0x00, 0x00, 0x00, 0x00, 0x34, 0xff, 0xff, 0x0c, 0x00, 0x00, 0x00, 0x00, 0x00, 0x00, 0x00, 
  0x00, 0x35, 0xff, 0xff, 0x0d, 0x00, 0x00, 0x00, 0x00, 0x00, 0x00, 0x00, 0x00, 0x35, 0xff, 0xff, 
  0x0e, 0x00, 0x00, 0x00, 0x00, 0x00, 0x00, 0x00, 0x00, 0x36, 0xff, 0xff, 0x0f, 0x00, 0x00, 0x00, 
  0x00, 0x00, 0x00, 0x00, 0x00, 0x36, 0xff, 0xff, 0x0f, 0x00, 0x00, 0x00, 0x00, 0x00, 0x00, 0x00, 
  0x00, 0x37, 0xff, 0xff, 0x10, 0x00, 0x00, 0x00, 0x00, 0x00, 0x00, 0x00, 0x00, 0x37, 0xff, 0xff, 
  0x12, 0x00, 0x00, 0x00, 0x00, 0x00, 0x00, 0x00, 0x00, 0x38, 0xff, 0xff, 0x13, 0x00, 0x00, 0x00, 
  0x00, 0x00, 0x00, 0x00, 0x00, 0x38, 0xff, 0xff, 0x14, 0x00, 0x00, 0x00, 0x00, 0x00, 0x00, 0x00, 
  0x00, 0x3f, 0xff, 0xff, 0x21, 0x0c, 0x0d, 0x0d, 0x00, 0x94, 0xfe, 0xfc, 0xff, 0xff, 0xff, 0xff, 
  0xff, 0xff, 0xff, 0xff, 0x62, 0x62, 0xff, 0xff, 0xff, 0xfe, 0xfb, 0xf9, 0xf8, 0xfa, 0xff, 0xff, 
  0xaf, 0x00, 0x24, 0x13, 0x04, 0x00, 0x00, 0x00, 0x00, 0x00, 0x01, 0x10, 0x12, 0x00, 0x00, 0x00, 
  0x00, 0x00, 0x00, 0x00, 0x00, 0x3e, 0x81, 0x27, 0x00, 0x00, 0x00, 0x00, 0x00, 0x00, 0x00, 0x00, 
  0x83, 0xff, 0xcc, 0x00, 0x00, 0x00, 0x00, 0x00, 0x00, 0x00, 0x00, 0x7d, 0xff, 0xcc, 0x00, 0x00, 
  0x00, 0x00, 0x00, 0x00, 0x00, 0x00, 0x79, 0xff, 0xc8, 0x00, 0x00, 0x00, 0x00, 0x00, 0x00, 0x00, 
  0x00, 0x78, 0xff, 0xc7, 0x00, 0x00, 0x00, 0x00, 0x00, 0x00, 0x00, 0x00, 0x78, 0xff, 0xc6, 0x00, 
  0x00, 0x00, 0x00, 0x00, 0x00, 0x00, 0x00, 0x78, 0xff, 0xc5, 0x00, 0x00, 0x00, 0x00, 0x00, 0x00, 
  0x00, 0x00, 0x78, 0xff, 0xc5, 0x00, 0x00, 0x00, 0x00, 0x00, 0x00, 0x00, 0x00, 0x78, 0xff, 0xc4, 
  0x00, 0x00, 0x00, 0x00, 0x00, 0x00, 0x00, 0x00, 0x78, 0xff, 0xc4, 0x00, 0x00, 0x00, 0x00, 0x00, 
  0x00, 0x00, 0x00, 0x78, 0xff, 0xc4, 0x00, 0x00, 0x00, 0x00, 0x00, 0x00, 0x00, 0x00, 0x78, 0xff, 
  0xc4, 0x00, 0x00, 0x00, 0x00, 0x00, 0x00, 0x00, 0x00, 0x78, 0xff, 0xc4, 0x00, 0x00, 0x00, 0x00, 
  0x00, 0x00, 0x00, 0x00, 0x78, 0xff, 0xc4, 0x00, 0x00, 0x00, 0x00, 0x00, 0x00, 0x00, 0x00, 0x78, 
  0xff, 0xc4, 0x00, 0x00, 0x00, 0x00, 0x00, 0x00, 0x00, 0x00, 0x78, 0xff, 0xc4, 0x00, 0x00, 0x00, 
  0x00, 0x00, 0x00, 0x00, 0x00, 0x78, 0xff, 0xc4, 0x14, 0x70, 0x04, 0x00, 0x00, 0x00, 0x00, 0x00, 
  0x7c, 0xff, 0xc0, 0xc7, 0xff, 0x41, 0x00, 0x00, 0x00, 0x00, 0x00, 0x91, 0xff, 0xb2, 0xe3, 0xff, 
  0xa4, 0x00, 0x00, 0x00, 0x00, 0x00, 0xcd, 0xff, 0x8c, 0x6e, 0xff, 0xfe, 0x5b, 0x00, 0x00, 0x00, 
  0x5c, 0xff, 0xff, 0x47, 0x02, 0xba, 0xff, 0xff, 0xca, 0x97, 0xb9, 0xff, 0xff, 0xca, 0x02, 0x00, 
  0x0a, 0x9f, 0xff, 0xff, 0xff, 0xff, 0xff, 0xcc, 0x1b, 0x00, 0x00, 0x00, 0x00, 0x23, 0x6c, 0x85, 
  0x7a, 0x44, 0x02, 0x00, 0x00, 0x13, 0x86, 0x4a, 0x00, 0x00, 0x00, 0x00, 0x00, 0x00, 0x00, 0x28, 
  0x7b, 0x23, 0x00, 0x00, 0x30, 0xff, 0xff, 0x19, 0x00, 0x00, 0x00, 0x00, 0x00, 0x11, 0xdd, 0xff, 
  0xf0, 0x09, 0x00, 0x2b, 0xff, 0xff, 0x18, 0x00, 0x00, 0x00, 0x00, 0x03, 0xb9, 0xff, 0xf4, 0x44, 
  0x00, 0x00, 0x27, 0xff, 0xff, 0x13, 0x00, 0x00, 0x00, 0x00, 0x91, 0xff, 0xf4, 0x3f, 0x00, 0x00, 
  0x00, 0x24, 0xff, 0xff, 0x11, 0x00, 0x00, 0x00, 0x69, 0xff, 0xfc, 0x49, 0x00, 0x00, 0x00, 0x00, 
  0x21, 0xff, 0xff, 0x10, 0x00, 0x00, 0x4c, 0xfc, 0xff, 0x67, 0x00, 0x00, 0x00, 0x00, 0x00, 0x20, 
  0xff, 0xff, 0x10, 0x00, 0x34, 0xf4, 0xff, 0x87, 0x00, 0x00, 0x00, 0x00, 0x00, 0x00, 0x1f, 0xff, 
  0xff, 0x10, 0x28, 0xea, 0xff, 0x9e, 0x01, 0x00, 0x00, 0x00, 0x00, 0x00, 0x00, 0x1e, 0xff, 0xff, 
  0x30, 0xe4, 0xff, 0xab, 0x03, 0x00, 0x00, 0x00, 0x00, 0x00, 0x00, 0x00, 0x1d, 0xff, 0xff, 0xe5, 
  0xff, 0xb7, 0x06, 0x00, 0x00, 0x00, 0x00, 0x00, 0x00, 0x00, 0x00, 0x1d, 0xff, 0xff, 0xff, 0xff, 
  0x50, 0x00, 0x00, 0x00, 0x00, 0x00, 0x00, 0x00, 0x00, 0x00, 0x1c, 0xff, 0xff, 0xe8, 0xff, 0xe4, 
  0x10, 0x00, 0x00, 0x00, 0x00, 0x00, 0x00, 0x00, 0x00, 0x1d, 0xff, 0xff, 0x1d, 0xba, 0xff, 0xa4, 
  0x00, 0x00, 0x00, 0x00, 0x00, 0x00, 0x00, 0x00, 0x1d, 0xff, 0xff, 0x10, 0x1c, 0xf0, 0xff, 0x56, 
  0x00, 0x00, 0x00, 0x00, 0x00, 0x00, 0x00, 0x1d, 0xff, 0xff, 0x10, 0x00, 0x5e, 0xff, 0xed, 0x1b, 
  0x00, 0x00, 0x00, 0x00, 0x00, 0x00, 0x1d, 0xff, 0xff, 0x10, 0x00, 0x00, 0xae, 0xff, 0xbc, 0x01, 
  0x00, 0x00, 0x00, 0x00, 0x00, 0x1e, 0xff, 0xff, 0x10, 0x00, 0x00, 0x15, 0xe9, 0xff, 0x77, 0x00, 
  0x00, 0x00, 0x00, 0x00, 0x1e, 0xff, 0xff, 0x10, 0x00, 0x00, 0x00, 0x4e, 0xff, 0xfb, 0x38, 0x00, 
  0x00, 0x00, 0x00, 0x1e, 0xff, 0xff, 0x12, 0x00, 0x00, 0x00, 0x00, 0x9c, 0xff, 0xe1, 0x12, 0x00, 
  0x00, 0x00, 0x20, 0xff, 0xff, 0x13, 0x00, 0x00, 0x00, 0x00, 0x0d, 0xde, 0xff, 0xb7, 0x02, 0x00, 
  0x00, 0x21, 0xff, 0xff, 0x15, 0x00, 0x00, 0x00, 0x00, 0x00, 0x3b, 0xfc, 0xff, 0x8c, 0x00, 0x00, 
  0x26, 0xff, 0xff, 0x1c, 0x00, 0x00, 0x00, 0x00, 0x00, 0x00, 0x82, 0xff, 0xff, 0x78, 0x00, 0x1d, 
  0xfb, 0xff, 0x24, 0x00, 0x00, 0x00, 0x00, 0x00, 0x00, 0x04, 0xc6, 0xff, 0xf2, 0x1c, 0x00, 0x1e, 
  0x4f, 0x05, 0x00, 0x00, 0x00, 0x00, 0x00, 0x00, 0x00, 0x0a, 0x3c, 0x0f, 0x00, 0x6c, 0x71, 0x10, 
  0x00, 0x00, 0x00, 0x00, 0x00, 0x00, 0x00, 0x00, 0x00, 0x00, 0xd7, 0xff, 0x8c, 0x00, 0x00, 0x00, 
  0x00, 0x00, 0x00, 0x00, 0x00, 0x00, 0x00, 0xcf, 0xff, 0x8c, 0x00, 0x00, 0x00, 0x00, 0x00, 0x00, 
  0x00, 0x00, 0x00, 0x00, 0xcb, 0xff, 0x88, 0x00, 0x00, 0x00, 0x00, 0x00, 0x00, 0x00, 0x00, 0x00, 
  0x00, 0xca, 0xff, 0x87, 0x00, 0x00, 0x00, 0x00, 0x00, 0x00, 0x00, 0x00, 0x00, 0x00, 0xc9, 0xff, 
  0x86, 0x00, 0x00, 0x00, 0x00, 0x00, 0x00, 0x00, 0x00, 0x00, 0x00, 0xc8, 0xff, 0x86, 0x00, 0x00, 
  0x00, 0x00, 0x00, 0x00, 0x00, 0x00, 0x00, 0x00, 0xc7, 0xff, 0x85, 0x00, 0x00, 0x00, 0x00, 0x00, 
  0x00, 0x00, 0x00, 0x00, 0x00, 0xc7, 0xff, 0x85, 0x00, 0x00, 0x00, 0x00, 0x00, 0x00, 0x00, 0x00, 
  0x00, 0x00, 0xc6, 0xff, 0x85, 0x00, 0x00, 0x00, 0x00, 0x00, 0x00, 0x00, 0x00, 0x00, 0x00, 0xc6, 
  0xff, 0x84, 0x00, 0x00, 0x00, 0x00, 0x00, 0x00, 0x00, 0x00, 0x00, 0x00, 0xc6, 0xff, 0x84, 0x00, 
  0x00, 0x00, 0x00, 0x00, 0x00, 0x00, 0x00, 0x00, 0x00, 0xc5, 0xff, 0x84, 0x00, 0x00, 0x00, 0x00, 
  0x00, 0x00, 0x00, 0x00, 0x00, 0x00, 0xc5, 0xff, 0x84, 0x00, 0x00, 0x00, 0x00, 0x00, 0x00, 0x00, 
  0x00, 0x00, 0x00, 0xc5, 0xff, 0x84, 0x00, 0x00, 0x00, 0x00, 0x00, 0x00, 0x00, 0x00, 0x00, 0x00, 
  0xc5, 0xff, 0x84, 0x00, 0x00, 0x00, 0x00, 0x00, 0x00, 0x00, 0x00, 0x00, 0x00, 0xc5, 0xff, 0x84, 
  0x00, 0x00, 0x00, 0x00, 0x00, 0x00, 0x00, 0x00, 0x00, 0x00, 0xc5, 0xff, 0x84, 0x00, 0x00, 0x00, 
  0x00, 0x00, 0x00, 0x00, 0x00, 0x00, 0x00, 0xc5, 0xff, 0x84, 0x00, 0x00, 0x00, 0x00, 0x00, 0x00, 
  0x00, 0x00, 0x00, 0x00, 0xc5, 0xff, 0x84, 0x00, 0x00, 0x00, 0x00, 0x00, 0x00, 0x00, 0x00, 0x00, 
  0x00, 0xc5, 0xff, 0x84, 0x00, 0x00, 0x02, 0x06, 0x09, 0x0a, 0x0b, 0x0d, 0x0b, 0x00, 0xe1, 0xff, 
  0xf3, 0xf0, 0xfa, 0xff, 0xff, 0xff, 0xff, 0xff, 0xff, 0xfd, 0x40, 0xa2, 0xff, 0xff, 0xff, 0xff, 
  0xfe, 0xfc, 0xf9, 0xf8, 0xfb, 0xff, 0xff, 0x8b, 0x06, 0x38, 0x20, 0x0f, 0x06, 0x00, 0x00, 0x00, 
  0x00, 0x00, 0x02, 0x14, 0x0d, 0x00, 0x09, 0x5e, 0x4f, 0x00, 0x00, 0x00, 0x00, 0x00, 0x00, 0x75, 
  0x90, 0x20, 0x00, 0x00, 0x00, 0xa8, 0xff, 0xdf, 0x00, 0x00, 0x00, 0x00, 0x00, 0x00, 0xdc, 0xff, 
  0xdb, 0x00, 0x00, 0x00, 0xb7, 0xff, 0xff, 0x1c, 0x00, 0x00, 0x00, 0x00, 0x1b, 0xff, 0xff, 0xcc, 
  0x00, 0x00, 0x00, 0xc2, 0xff, 0xff, 0x55, 0x00, 0x00, 0x00, 0x00, 0x5d, 0xff, 0xff, 0xd0, 0x00, 
  0x00, 0x00, 0xcf, 0xff, 0xff, 0x8d, 0x00, 0x00, 0x00, 0x00, 0x9e, 0xff, 0xff, 0xe3, 0x00, 0x00, 
  0x00, 0xdc, 0xff, 0xff, 0xc1, 0x00, 0x00, 0x00, 0x00, 0xdf, 0xff, 0xf3, 0xf3, 0x00, 0x00, 0x00, 
  0xe9, 0xe9, 0xf9, 0xf2, 0x02, 0x00, 0x00, 0x1f, 0xff, 0xd8, 0xd5, 0xff, 0x04, 0x00, 0x00, 0xf8, 
  0xd9, 0xca, 0xff, 0x29, 0x00, 0x00, 0x5f, 0xff, 0x96, 0xcb, 0xff, 0x12, 0x00, 0x06, 0xff, 0xce, 
  0x93, 0xff, 0x5d, 0x00, 0x00, 0x9e, 0xff, 0x55, 0xc0, 0xff, 0x20, 0x00, 0x15, 0xff, 0xc4, 0x5d, 
  0xff, 0x91, 0x00, 0x00, 0xde, 0xff, 0x16, 0xb6, 0xff, 0x2d, 0x00, 0x23, 0xff, 0xba, 0x26, 0xff, 
  0xc5, 0x00, 0x1b, 0xff, 0xd4, 0x00, 0xac, 0xff, 0x3a, 0x00, 0x31, 0xff, 0xb0, 0x01, 0xef, 0xf5, 
  0x03, 0x5a, 0xff, 0x94, 0x00, 0xa2, 0xff, 0x47, 0x00, 0x40, 0xff, 0xa7, 0x00, 0xbb, 0xff, 0x2d, 
  0x97, 0xff, 0x54, 0x00, 0x99, 0xff, 0x54, 0x00, 0x4f, 0xff, 0x9e, 0x00, 0x85, 0xff, 0x61, 0xd4, 
  0xff, 0x16, 0x00, 0x8f, 0xff, 0x61, 0x00, 0x5e, 0xff, 0x95, 0x00, 0x4f, 0xff, 0xa6, 0xfe, 0xd7, 
  0x00, 0x00, 0x86, 0xff, 0x6e, 0x00, 0x6d, 0xff, 0x8c, 0x00, 0x1b, 0xff, 0xfa, 0xff, 0x9d, 0x00, 
  0x00, 0x7d, 0xff, 0x7b, 0x00, 0x7b, 0xff, 0x83, 0x00, 0x00, 0xe6, 0xff, 0xff, 0x67, 0x00, 0x00, 
  0x75, 0xff, 0x89, 0x00, 0x8a, 0xff, 0x78, 0x00, 0x00, 0xb3, 0xff, 0xff, 0x34, 0x00, 0x00, 0x6e, 
  0xff, 0x96, 0x00, 0x9b, 0xff, 0x6e, 0x00, 0x00, 0x81, 0xff, 0xfb, 0x08, 0x00, 0x00, 0x66, 0xff, 
  0xa3, 0x00, 0xae, 0xff, 0x64, 0x00, 0x00, 0x1e, 0x8b, 0x49, 0x00, 0x00, 0x00, 0x60, 0xff, 0xb0, 
  0x00, 0xc1, 0xff, 0x5c, 0x00, 0x00, 0x00, 0x00, 0x00, 0x00, 0x00, 0x00, 0x5b, 0xff, 0xc7, 0x00, 
  0xd4, 0xff, 0x5c, 0x00, 0x00, 0x00, 0x00, 0x00, 0x00, 0x00, 0x00, 0x57, 0xff, 0xea, 0x00, 0xe3, 
  0xff, 0x4f, 0x00, 0x00, 0x00, 0x00, 0x00, 0x00, 0x00, 0x00, 0x4e, 0xff, 0xf2, 0x02, 0x1b, 0x22, 
  0x00, 0x00, 0x00, 0x00, 0x00, 0x00, 0x00, 0x00, 0x00, 0x01, 0x27, 0x0a, 0x00, 0x04, 0x68, 0x95, 
  0x12, 0x00, 0x00, 0x00, 0x00, 0x00, 0x00, 0x01, 0x85, 0x56, 0x00, 0x50, 0xff, 0xff, 0x89, 0x00, 
  0x00, 0x00, 0x00, 0x00, 0x00, 0x03, 0xff, 0xff, 0x1e, 0x32, 0xff, 0xff, 0xea, 0x06, 0x00, 0x00, 
  0x00, 0x00, 0x00, 0x00, 0xf9, 0xff, 0x20, 0x2d, 0xff, 0xff, 0xff, 0x56, 0x00, 0x00, 0x00, 0x00, 
  0x00, 0x00, 0xf2, 0xff, 0x1e, 0x2d, 0xff, 0xff, 0xff, 0xbd, 0x00, 0x00, 0x00, 0x00, 0x00, 0x00, 
  0xf0, 0xff, 0x1d, 0x2d, 0xff, 0xed, 0xfb, 0xfe, 0x26, 0x00, 0x00, 0x00, 0x00, 0x00, 0xf0, 0xff, 
  0x1d, 0x2d, 0xff, 0xd8, 0xac, 0xff, 0x8f, 0x00, 0x00, 0x00, 0x00, 0x00, 0xf0, 0xff, 0x1d, 0x2d, 
  0xff, 0xd8, 0x40, 0xff, 0xef, 0x09, 0x00, 0x00, 0x00, 0x00, 0xf0, 0xff, 0x1c, 0x2d, 0xff, 0xd8, 
  0x00, 0xd3, 0xff, 0x63, 0x00, 0x00, 0x00, 0x00, 0xf0, 0xff, 0x1c, 0x2d, 0xff, 0xd8, 0x00, 0x68, 
  0xff, 0xd0, 0x00, 0x00, 0x00, 0x00, 0xf0, 0xff, 0x1c, 0x2d, 0xff, 0xd8, 0x00, 0x0b, 0xf0, 0xff, 
  0x3d, 0x00, 0x00, 0x00, 0xf0, 0xff, 0x1c, 0x2d, 0xff, 0xd8, 0x00, 0x00, 0x91, 0xff, 0xab, 0x00, 
  0x00, 0x00, 0xf0, 0xff, 0x1c, 0x2d, 0xff, 0xd8, 0x00, 0x00, 0x26, 0xfe, 0xfc, 0x20, 0x00, 0x00, 
  0xf0, 0xff, 0x1c, 0x2e, 0xff, 0xd8, 0x00, 0x00, 0x00, 0xb7, 0xff, 0x8e, 0x00, 0x00, 0xf0, 0xff, 
  0x1c, 0x2e, 0xff, 0xd8, 0x00, 0x00, 0x00, 0x43, 0xff, 0xf2, 0x0f, 0x00, 0xf0, 0xff, 0x1c, 0x2e, 
  0xff, 0xd8, 0x00, 0x00, 0x00, 0x00, 0xce, 0xff, 0x77, 0x00, 0xf0, 0xff, 0x1c, 0x2e, 0xff, 0xd8, 
  0x00, 0x00, 0x00, 0x00, 0x59, 0xff, 0xe6, 0x06, 0xf0, 0xff, 0x1c, 0x2f, 0xff, 0xd8, 0x00, 0x00, 
  0x00, 0x00, 0x04, 0xe0, 0xff, 0x63, 0xf0, 0xff, 0x1c, 0x30, 0xff, 0xd8, 0x00, 0x00, 0x00, 0x00, 
  0x00, 0x6f, 0xff, 0xd7, 0xf1, 0xff, 0x1c, 0x30, 0xff, 0xd8, 0x00, 0x00, 0x00, 0x00, 0x00, 0x0c, 
  0xee, 0xff, 0xff, 0xff, 0x1c, 0x32, 0xff, 0xdd, 0x00, 0x00, 0x00, 0x00, 0x00, 0x00, 0x86, 0xff, 
  0xff, 0xff, 0x20, 0x36, 0xff, 0xe3, 0x00, 0x00, 0x00, 0x00, 0x00, 0x00, 0x18, 0xf8, 0xff, 0xff, 
  0x33, 0x2c, 0xfe, 0xec, 0x00, 0x00, 0x00, 0x00, 0x00, 0x00, 0x00, 0x8e, 0xff, 0xda, 0x0f, 0x00, 
  0x33, 0x49, 0x00, 0x00, 0x00, 0x00, 0x00, 0x00, 0x00, 0x07, 0x4c, 0x0a, 0x00, 0x00, 0x00, 0x00, 
  0x00, 0x00, 0x3f, 0xa3, 0xc7, 0xb7, 0x6d, 0x07, 0x00, 0x00, 0x00, 0x00, 0x00, 0x00, 0x00, 0x79, 
  0xfe, 0xff, 0xff, 0xff, 0xff, 0xcc, 0x13, 0x00, 0x00, 0x00, 0x00, 0x79, 0xec, 0xff, 0xe9, 0x6b, 
  0x35, 0x60, 0xe0, 0xff, 0xb9, 0x00, 0x00, 0x00, 0x1e, 0xfa, 0xff, 0xdd, 0x1c, 0x00, 0x00, 0x00, 
  0x1e, 0xea, 0xff, 0x52, 0x00, 0x00, 0x81, 0xff, 0xfc, 0x31, 0x00, 0x00, 0x00, 0x00, 0x00, 0x71, 
  0xff, 0xc4, 0x00, 0x00, 0xd7, 0xff, 0x9c, 0x00, 0x00, 0x00, 0x00, 0x00, 0x00, 0x11, 0xfb, 0xfe, 
  0x1b, 0x21, 0xff, 0xff, 0x2b, 0x00, 0x00, 0x00, 0x00, 0x00, 0x00, 0x00, 0xc6, 0xff, 0x54, 0x5d, 
  0xff, 0xd6, 0x00, 0x00, 0x00, 0x00, 0x00, 0x00, 0x00, 0x00, 0x93, 0xff, 0x87, 0x8d, 0xff, 0x9c, 
  0x00, 0x00, 0x00, 0x00, 0x00, 0x00, 0x00, 0x00, 0x72, 0xff, 0xb2, 0xae, 0xff, 0x75, 0x00, 0x00, 
  0x00, 0x00, 0x00, 0x00, 0x00, 0x00, 0x5b, 0xff, 0xc3, 0xc7, 0xff, 0x5b, 0x00, 0x00, 0x00, 0x00, 
  0x00, 0x00, 0x00, 0x00, 0x52, 0xff, 0xd2, 0xd2, 0xff, 0x51, 0x00, 0x00, 0x00, 0x00, 0x00, 0x00, 
  0x00, 0x00, 0x4f, 0xff, 0xdc, 0xd3, 0xff, 0x4f, 0x00, 0x00, 0x00, 0x00, 0x00, 0x00, 0x00, 0x00, 
  0x58, 0xff, 0xd3, 0xc5, 0xff, 0x59, 0x00, 0x00, 0x00, 0x00, 0x00, 0x00, 0x00, 0x00, 0x62, 0xff, 
  0xc6, 0xb6, 0xff, 0x66, 0x00, 0x00, 0x00, 0x00, 0x00, 0x00, 0x00, 0x00, 0x7c, 0xff, 0xa9, 0x9f, 
  0xff, 0x84, 0x00, 0x00, 0x00, 0x00, 0x00, 0x00, 0x00, 0x00, 0x9a, 0xff, 0x84, 0x6e, 0xff, 0xa8, 
  0x00, 0x00, 0x00, 0x00, 0x00, 0x00, 0x00, 0x00, 0xcd, 0xff, 0x50, 0x3c, 0xff, 0xe4, 0x00, 0x00, 
  0x00, 0x00, 0x00, 0x00, 0x00, 0x10, 0xfb, 0xfd, 0x11, 0x07, 0xf1, 0xff, 0x31, 0x00, 0x00, 0x00, 
  0x00, 0x00, 0x00, 0x68, 0xff, 0xbd, 0x00, 0x00, 0x9a, 0xff, 0xaa, 0x00, 0x00, 0x00, 0x00, 0x00, 
  0x0c, 0xe2, 0xff, 0x59, 0x00, 0x00, 0x23, 0xf8, 0xff, 0x5a, 0x00, 0x00, 0x00, 0x0f, 0xba, 0xff, 
  0xcd, 0x03, 0x00, 0x00, 0x00, 0x6e, 0xff, 0xff, 0xbe, 0x8f, 0xa4, 0xf0, 0xff, 0xf1, 0x2f, 0x00, 
  0x00, 0x00, 0x00, 0x00, 0x74, 0xf8, 0xff, 0xff, 0xff, 0xff, 0xda, 0x31, 0x00, 0x00, 0x00, 0x00, 
  0x00, 0x00, 0x00, 0x1b, 0x6b, 0x8c, 0x7c, 0x4d, 0x02, 0x00, 0x00, 0x00, 0x00, 0x00, 0x00, 0x0a, 
  0x3b, 0x6b, 0x95, 0xb1, 0xbc, 0xba, 0xad, 0x8c, 0x54, 0x08, 0x00, 0x00, 0x00, 0x1c, 0xbf, 0xfb, 
  0xff, 0xff, 0xff, 0xff, 0xff, 0xff, 0xff, 0xff, 0xff, 0xe8, 0x49, 0x00, 0x00, 0x0b, 0xdd, 0xff, 
  0xff, 0xcf, 0x8f, 0x63, 0x50, 0x4a, 0x61, 0x9e, 0xf7, 0xff, 0xf8, 0x31, 0x00, 0x00, 0x10, 0xfd, 
  0xff, 0x28, 0x00, 0x00, 0x00, 0x00, 0x00, 0x00, 0x29, 0xe8, 0xff, 0xb0, 0x00, 0x00, 0x00, 0xfd, 
  0xff, 0x28, 0x00, 0x00, 0x00, 0x00, 0x00, 0x00, 0x00, 0x68, 0xff, 0xf2, 0x00, 0x00, 0x00, 0xfd, 
  0xff, 0x28, 0x00, 0x00, 0x00, 0x00, 0x00, 0x00, 0x00, 0x33, 0xff, 0xff, 0x06, 0x00, 0x00, 0xfd, 
  0xff, 0x28, 0x00, 0x00, 0x00, 0x00, 0x00, 0x00, 0x00, 0x44, 0xff, 0xfa, 0x00, 0x00, 0x00, 0xfd, 
  0xff, 0x28, 0x00, 0x00, 0x00, 0x00, 0x00, 0x00, 0x00, 0x8c, 0xff, 0xcf, 0x00, 0x00, 0x00, 0xfd, 
  0xff, 0x28, 0x00, 0x00, 0x00, 0x00, 0x00, 0x00, 0x2e, 0xf6, 0xff, 0x7e, 0x00, 0x00, 0x00, 0xfd, 
  0xff, 0x28, 0x00, 0x00, 0x00, 0x00, 0x00, 0x52, 0xee, 0xff, 0xe7, 0x11, 0x00, 0x00, 0x00, 0xfd, 
  0xff, 0x28, 0x00, 0x02, 0x2c, 0x70, 0xcd, 0xff, 0xff, 0xea, 0x33, 0x00, 0x00, 0x00, 0x00, 0xfe, 
  0xff, 0xc7, 0xd6, 0xf5, 0xff, 0xff, 0xff, 0xf4, 0x97, 0x17, 0x00, 0x00, 0x00, 0x00, 0x00, 0xfe, 
  0xff, 0xca, 0xbb, 0xae, 0x9a, 0x70, 0x43, 0x08, 0x00, 0x00, 0x00, 0x00, 0x00, 0x00, 0x00, 0xfe, 
  0xff, 0x28, 0x00, 0x00, 0x00, 0x00, 0x00, 0x00, 0x00, 0x00, 0x00, 0x00, 0x00, 0x00, 0x00, 0xfe, 
  0xff, 0x28, 0x00, 0x00, 0x00, 0x00, 0x00, 0x00, 0x00, 0x00, 0x00, 0x00, 0x00, 0x00, 0x00, 0xfe, 
  0xff, 0x28, 0x00, 0x00, 0x00, 0x00, 0x00, 0x00, 0x00, 0x00, 0x00, 0x00, 0x00, 0x00, 0x00, 0xfe, 
  0xff, 0x28, 0x00, 0x00, 0x00, 0x00, 0x00, 0x00, 0x00, 0x00, 0x00, 0x00, 0x00, 0x00, 0x00, 0xff, 
  0xff, 0x28, 0x00, 0x00, 0x00, 0x00, 0x00, 0x00, 0x00, 0x00, 0x00, 0x00, 0x00, 0x00, 0x00, 0xff, 
  0xff, 0x2a, 0x00, 0x00, 0x00, 0x00, 0x00, 0x00, 0x00, 0x00, 0x00, 0x00, 0x00, 0x00, 0x01, 0xff, 
  0xff, 0x2b, 0x00, 0x00, 0x00, 0x00, 0x00, 0x00, 0x00, 0x00, 0x00, 0x00, 0x00, 0x00, 0x02, 0xff, 
  0xff, 0x2d, 0x00, 0x00, 0x00, 0x00, 0x00, 0x00, 0x00, 0x00, 0x00, 0x00, 0x00, 0x00, 0x06, 0xff, 
  0xff, 0x34, 0x00, 0x00, 0x00, 0x00, 0x00, 0x00, 0x00, 0x00, 0x00, 0x00, 0x00, 0x00, 0x06, 0xf2, 
  0xff, 0x3c, 0x00, 0x00, 0x00, 0x00, 0x00, 0x00, 0x00, 0x00, 0x00, 0x00, 0x00, 0x00, 0x00, 0x17, 
  0x4e, 0x0c, 0x00, 0x00, 0x00, 0x00, 0x00, 0x00, 0x00, 0x00, 0x00, 0x00, 0x00, 0x00, 0x00, 0x00, 
  0x00, 0x00, 0x3f, 0xa3, 0xc7, 0xb7, 0x6d, 0x07, 0x00, 0x00, 0x00, 0x00, 0x00, 0x00, 0x00, 0x03, 
  0x79, 0xfe, 0xff, 0xff, 0xff, 0xff, 0xcc, 0x13, 0x00, 0x00, 0x00, 0x00, 0x00, 0x7b, 0xf4, 0xff, 
  0xe9, 0x6b, 0x35, 0x60, 0xe0, 0xff, 0xb9, 0x00, 0x00, 0x00, 0x00, 0x1e, 0xf9, 0xff, 0xdd, 0x1c, 
  0x00, 0x00, 0x00, 0x1e, 0xea, 0xff, 0x52, 0x00, 0x00, 0x00, 0x83, 0xff, 0xfc, 0x31, 0x00, 0x00, 
  0x00, 0x00, 0x00, 0x71, 0xff, 0xc4, 0x00, 0x00, 0x00, 0xdc, 0xff, 0x9c, 0x00, 0x00, 0x00, 0x00, 
  0x00, 0x00, 0x11, 0xfb, 0xfe, 0x1b, 0x00, 0x27, 0xff, 0xff, 0x2b, 0x00, 0x00, 0x00, 0x00, 0x00, 
  0x00, 0x00, 0xc6, 0xff, 0x54, 0x00, 0x61, 0xff, 0xd6, 0x00, 0x00, 0x00, 0x00, 0x00, 0x00, 0x00, 
  0x00, 0x93, 0xff, 0x87, 0x00, 0x90, 0xff, 0x9c, 0x00, 0x00, 0x00, 0x00, 0x00, 0x00, 0x00, 0x00, 
  0x72, 0xff, 0xb2, 0x00, 0xb0, 0xff, 0x75, 0x00, 0x00, 0x00, 0x00, 0x00, 0x00, 0x00, 0x00, 0x5b, 
  0xff, 0xc3, 0x00, 0xc7, 0xff, 0x5b, 0x00, 0x00, 0x00, 0x00, 0x00, 0x00, 0x00, 0x00, 0x52, 0xff, 
  0xd2, 0x00, 0xd1, 0xff, 0x51, 0x00, 0x00, 0x00, 0x00, 0x00, 0x00, 0x00, 0x00, 0x4f, 0xff, 0xdc, 
  0x00, 0xd3, 0xff, 0x4f, 0x00, 0x00, 0x00, 0x00, 0x00, 0x00, 0x00, 0x00, 0x58, 0xff, 0xd1, 0x00, 
  0xc5, 0xff, 0x59, 0x00, 0x00, 0x00, 0x00, 0x00, 0x00, 0x00, 0x00, 0x61, 0xff, 0xc4, 0x00, 0xb6, 
  0xff, 0x66, 0x00, 0x00, 0x00, 0x00, 0x00, 0x00, 0x00, 0x00, 0x7b, 0xff, 0xaf, 0x00, 0x9f, 0xff, 
  0x84, 0x00, 0x00, 0x00, 0x00, 0x00, 0x00, 0x00, 0x00, 0x98, 0xff, 0x85, 0x00, 0x6e, 0xff, 0xa8, 
  0x00, 0x00, 0x00, 0x2e, 0xa5, 0x7b, 0x00, 0x00, 0xca, 0xff, 0x59, 0x00, 0x3c, 0xff, 0xe4, 0x00, 
  0x00, 0x00, 0x32, 0xf7, 0xff, 0x61, 0x0e, 0xfa, 0xfc, 0x15, 0x00, 0x07, 0xf1, 0xff, 0x31, 0x00, 
  0x00, 0x00, 0x6e, 0xff, 0xf0, 0x86, 0xff, 0xbf, 0x00, 0x00, 0x00, 0x9a, 0xff, 0xaa, 0x00, 0x00, 
  0x00, 0x01, 0xbc, 0xff, 0xff, 0xff, 0x52, 0x00, 0x00, 0x00, 0x23, 0xf8, 0xff, 0x5a, 0x00, 0x00, 
  0x00, 0x35, 0xff, 0xff, 0xca, 0x00, 0x00, 0x00, 0x00, 0x00, 0x6e, 0xff, 0xff, 0xbe, 0x8f, 0xa8, 
  0xf2, 0xff, 0xff, 0xec, 0x1d, 0x00, 0x00, 0x00, 0x00, 0x00, 0x74, 0xf8, 0xff, 0xff, 0xff, 0xff, 
  0xd8, 0xbc, 0xff, 0xc5, 0x04, 0x00, 0x00, 0x00, 0x00, 0x00, 0x1b, 0x6b, 0x8c, 0x85, 0x4f, 0x04, 
  0x0c, 0xbe, 0xff, 0x8c, 0x00, 0x00, 0x00, 0x00, 0x00, 0x00, 0x00, 0x00, 0x00, 0x00, 0x00, 0x00, 
  0x04, 0x7e, 0xf1, 0x38, 0x00, 0x00, 0x00, 0x00, 0x00, 0x00, 0x00, 0x00, 0x00, 0x00, 0x00, 0x00, 
  0x00, 0x0a, 0x03, 0x00, 0x00, 0x00, 0x21, 0x5b, 0x88, 0x9f, 0xaa, 0xaa, 0x94, 0x72, 0x1c, 0x00, 
  0x00, 0x00, 0x00, 0x18, 0xc5, 0xf0, 0xff, 0xff, 0xff, 0xff, 0xff, 0xff, 0xff, 0xff, 0xfd, 0x8e, 
  0x04, 0x00, 0x00, 0x03, 0xd5, 0xff, 0xff, 0xc7, 0x81, 0x59, 0x4a, 0x45, 0x67, 0xbf, 0xff, 0xff, 
  0x8a, 0x00, 0x00, 0x00, 0x14, 0xeb, 0xff, 0x38, 0x00, 0x00, 0x00, 0x00, 0x00, 0x00, 0x7f, 0xff, 
  0xfc, 0x16, 0x00, 0x00, 0x00, 0xe5, 0xff, 0x38, 0x00, 0x00, 0x00, 0x00, 0x00, 0x00, 0x03, 0xe6, 
  0xff, 0x5b, 0x00, 0x00, 0x00, 0xe5, 0xff, 0x38, 0x00, 0x00, 0x00, 0x00, 0x00, 0x00, 0x00, 0xb7, 
  0xff, 0x78, 0x00, 0x00, 0x00, 0xe5, 0xff, 0x38, 0x00, 0x00, 0x00, 0x00, 0x00, 0x00, 0x00, 0xc8, 
  0xff, 0x6a, 0x00, 0x00, 0x00, 0xe5, 0xff, 0x38, 0x00, 0x00, 0x00, 0x00, 0x00, 0x00, 0x1d, 0xfc, 
  0xff, 0x3e, 0x00, 0x00, 0x00, 0xe5, 0xff, 0x38, 0x00, 0x00, 0x00, 0x00, 0x00, 0x02, 0xb3, 0xff, 
  0xdf, 0x02, 0x00, 0x00, 0x00, 0xe5, 0xff, 0x38, 0x00, 0x00, 0x00, 0x00, 0x1b, 0xb0, 0xff, 0xfc, 
  0x44, 0x00, 0x00, 0x00, 0x00, 0xe5, 0xff, 0x7e, 0x72, 0x7c, 0x96, 0xc2, 0xfc, 0xff, 0xef, 0x4c, 
  0x00, 0x00, 0x00, 0x00, 0x00, 0xe6, 0xff, 0xff, 0xff, 0xff, 0xff, 0xfd, 0xd5, 0x82, 0x14, 0x00, 
  0x00, 0x00, 0x00, 0x00, 0x00, 0xe6, 0xff, 0xcc, 0xff, 0xfd, 0x4a, 0x08, 0x00, 0x00, 0x00, 0x00, 
  0x00, 0x00, 0x00, 0x00, 0x00, 0xe6, 0xff, 0x38, 0x89, 0xff, 0xde, 0x12, 0x00, 0x00, 0x00, 0x00, 
  0x00, 0x00, 0x00, 0x00, 0x00, 0xe6, 0xff, 0x38, 0x01, 0xad, 0xff, 0xba, 0x03, 0x00, 0x00, 0x00, 
  0x00, 0x00, 0x00, 0x00, 0x00, 0xe6, 0xff, 0x38, 0x00, 0x0e, 0xdb, 0xff, 0x88, 0x00, 0x00, 0x00, 
  0x00, 0x00, 0x00, 0x00, 0x00, 0xe6, 0xff, 0x38, 0x00, 0x00, 0x33, 0xf9, 0xfe, 0x44, 0x00, 0x00, 
  0x00, 0x00, 0x00, 0x00, 0x00, 0xe7, 0xff, 0x38, 0x00, 0x00, 0x00, 0x73, 0xff, 0xe3, 0x10, 0x00, 
  0x00, 0x00, 0x00, 0x00, 0x00, 0xe8, 0xff, 0x39, 0x00, 0x00, 0x00, 0x01, 0xbb, 0xff, 0xa4, 0x00, 
  0x00, 0x00, 0x00, 0x00, 0x00, 0xe9, 0xff, 0x3a, 0x00, 0x00, 0x00, 0x00, 0x1a, 0xed, 0xff, 0x56, 
  0x00, 0x00, 0x00, 0x00, 0x00, 0xea, 0xff, 0x3b, 0x00, 0x00, 0x00, 0x00, 0x00, 0x53, 0xff, 0xef, 
  0x23, 0x00, 0x00, 0x00, 0x00, 0xee, 0xff, 0x40, 0x00, 0x00, 0x00, 0x00, 0x00, 0x00, 0x8a, 0xff, 
  0xd8, 0x19, 0x00, 0x00, 0x00, 0xe1, 0xff, 0x45, 0x00, 0x00, 0x00, 0x00, 0x00, 0x00, 0x01, 0x7a, 
  0xf7, 0xe1, 0x1f, 0x00, 0x00, 0x12, 0x4d, 0x0e, 0x00, 0x00, 0x00, 0x00, 0x00, 0x00, 0x00, 0x00, 
  0x13, 0x4c, 0x22, 0x00, 0x00, 0x00, 0x00, 0x00, 0x39, 0x95, 0xb9, 0xc9, 0xac, 0x67, 0x0c, 0x00, 
  0x00, 0x00, 0x00, 0x00, 0x00, 0x12, 0xb3, 0xff, 0xff, 0xff, 0xff, 0xff, 0xff, 0xe9, 0x59, 0x00, 
  0x00, 0x00, 0x00, 0x0a, 0xd0, 0xff, 0xf8, 0x96, 0x4d, 0x3d, 0x69, 0xd7, 0xff, 0xff, 0x75, 0x00, 
  0x00, 0x00, 0x8f, 0xff, 0xf0, 0x32, 0x00, 0x00, 0x00, 0x00, 0x08, 0xa8, 0xff, 0xee, 0x00, 0x00, 
  0x0b, 0xf3, 0xff, 0x61, 0x00, 0x00, 0x00, 0x00, 0x00, 0x00, 0x05, 0xb8, 0xbd, 0x00, 0x00, 0x34, 
  0xff, 0xfc, 0x07, 0x00, 0x00, 0x00, 0x00, 0x00, 0x00, 0x00, 0x02, 0x0f, 0x00, 0x00, 0x44, 0xff, 
  0xf5, 0x01, 0x00, 0x00, 0x00, 0x00, 0x00, 0x00, 0x00, 0x00, 0x00, 0x00, 0x00, 0x1c, 0xff, 0xff, 
  0x4a, 0x00, 0x00, 0x00, 0x00, 0x00, 0x00, 0x00, 0x00, 0x00, 0x00, 0x00, 0x00, 0xb2, 0xff, 0xf0, 
  0x5c, 0x03, 0x00, 0x00, 0x00, 0x00, 0x00, 0x00, 0x00, 0x00, 0x00, 0x00, 0x17, 0xd5, 0xff, 0xff, 
  0xe2, 0x8c, 0x3b, 0x02, 0x00, 0x00, 0x00, 0x00, 0x00, 0x00, 0x00, 0x00, 0x0b, 0x88, 0xf1, 0xff, 
  0xff, 0xff, 0xe8, 0x92, 0x27, 0x00, 0x00, 0x00, 0x00, 0x00, 0x00, 0x00, 0x00, 0x0a, 0x55, 0xa8, 
  0xf2, 0xff, 0xff, 0xfc, 0x86, 0x02, 0x00, 0x00, 0x00, 0x00, 0x00, 0x00, 0x00, 0x00, 0x00, 0x07, 
  0x55, 0xc7, 0xff, 0xff, 0x96, 0x00, 0x00, 0x00, 0x00, 0x00, 0x00, 0x00, 0x00, 0x00, 0x00, 0x00, 
  0x00, 0x89, 0xff, 0xff, 0x40, 0x00, 0x00, 0x00, 0x00, 0x00, 0x00, 0x00, 0x00, 0x00, 0x00, 0x00, 
  0x00, 0xcc, 0xff, 0xaa, 0x00, 0x00, 0x00, 0x00, 0x00, 0x00, 0x00, 0x00, 0x00, 0x00, 0x00, 0x00, 
  0x69, 0xff, 0xe4, 0x00, 0x00, 0x00, 0x00, 0x00, 0x00, 0x00, 0x00, 0x00, 0x00, 0x00, 0x00, 0x47, 
  0xff, 0xfc, 0x00, 0x12, 0x17, 0x00, 0x00, 0x00, 0x00, 0x00, 0x00, 0x00, 0x00, 0x00, 0x42, 0xff, 
  0xf0, 0x02, 0xd0, 0xd8, 0x08, 0x00, 0x00, 0x00, 0x00, 0x00, 0x00, 0x00, 0x00, 0x79, 0xff, 0xcf, 
  0x11, 0xfc, 0xff, 0x98, 0x00, 0x00, 0x00, 0x00, 0x00, 0x00, 0x00, 0x18, 0xe8, 0xff, 0x7c, 0x00, 
  0x6a, 0xff, 0xff, 0x8b, 0x03, 0x00, 0x00, 0x00, 0x00, 0x27, 0xd2, 0xff, 0xeb, 0x17, 0x00, 0x00, 
  0x7b, 0xfe, 0xff, 0xdf, 0x9c, 0x7c, 0x7f, 0xb0, 0xf9, 0xff, 0xf7, 0x49, 0x00, 0x00, 0x00, 0x00, 
  0x4d, 0xd9, 0xff, 0xff, 0xff, 0xff, 0xff, 0xff, 0xcc, 0x32, 0x00, 0x00, 0x00, 0x00, 0x00, 0x00, 
  0x01, 0x3f, 0x6d, 0x89, 0x83, 0x69, 0x2e, 0x00, 0x00, 0x00, 0x00, 0x00, 0x00, 0x00, 0x00, 0x00, 
  0x00, 0x0a, 0x1c, 0x2e, 0x40, 0x52, 0x64, 0x7c, 0x96, 0x6e, 0x00, 0x02, 0xde, 0xe2, 0xdd, 0xe9, 
  0xf9, 0xff, 0xff, 0xff, 0xff, 0xff, 0xff, 0xff, 0xff, 0xfc, 0x10, 0x00, 0xd2, 0xff, 0xff, 0xfe, 
  0xef, 0xe4, 0xff, 0xff, 0xad, 0x97, 0x85, 0x76, 0x7d, 0x83, 0x08, 0x00, 0x17, 0x37, 0x1a, 0x04, 
  0x00, 0x28, 0xff, 0xff, 0x10, 0x00, 0x00, 0x00, 0x00, 0x00, 0x00, 0x00, 0x00, 0x00, 0x00, 0x00, 
  0x00, 0x28, 0xff, 0xff, 0x10, 0x00, 0x00, 0x00, 0x00, 0x00, 0x00, 0x00, 0x00, 0x00, 0x00, 0x00, 
  0x00, 0x28, 0xff, 0xff, 0x11, 0x00, 0x00, 0x00, 0x00, 0x00, 0x00, 0x00, 0x00, 0x00, 0x00, 0x00, 
  0x00, 0x28, 0xff, 0xff, 0x11, 0x00, 0x00, 0x00, 0x00, 0x00, 0x00, 0x00, 0x00, 0x00, 0x00, 0x00, 
  0x00, 0x28, 0xff, 0xff, 0x12, 0x00, 0x00, 0x00, 0x00, 0x00, 0x00, 0x00, 0x00, 0x00, 0x00, 0x00, 
  0x00, 0x28, 0xff, 0xff, 0x12, 0x00, 0x00, 0x00, 0x00, 0x00, 0x00, 0x00, 0x00, 0x00, 0x00, 0x00, 
  0x00, 0x28, 0xff, 0xff, 0x13, 0x00, 0x00, 0x00, 0x00, 0x00, 0x00, 0x00, 0x00, 0x00, 0x00, 0x00, 
  0x00, 0x28, 0xff, 0xff, 0x13, 0x00, 0x00, 0x00, 0x00, 0x00, 0x00, 0x00, 0x00, 0x00, 0x00, 0x00, 
  0x00, 0x28, 0xff, 0xff, 0x14, 0x00, 0x00, 0x00, 0x00, 0x00, 0x00, 0x00, 0x00, 0x00, 0x00, 0x00, 
  0x00, 0x28, 0xff, 0xff, 0x14, 0x00, 0x00, 0x00, 0x00, 0x00, 0x00, 0x00, 0x00, 0x00, 0x00, 0x00, 
  0x00, 0x28, 0xff, 0xff, 0x15, 0x00, 0x00, 0x00, 0x00, 0x00, 0x00, 0x00, 0x00, 0x00, 0x00, 0x00, 
  0x00, 0x28, 0xff, 0xff, 0x16, 0x00, 0x00, 0x00, 0x00, 0x00, 0x00, 0x00, 0x00, 0x00, 0x00, 0x00, 
  0x00, 0x28, 0xff, 0xff, 0x17, 0x00, 0x00, 0x00, 0x00, 0x00, 0x00, 0x00, 0x00, 0x00, 0x00, 0x00, 
  0x00, 0x28, 0xff, 0xff, 0x18, 0x00, 0x00, 0x00, 0x00, 0x00, 0x00, 0x00, 0x00, 0x00, 0x00, 0x00, 
  0x00, 0x28, 0xff, 0xff, 0x19, 0x00, 0x00, 0x00, 0x00, 0x00, 0x00, 0x00, 0x00, 0x00, 0x00, 0x00, 
  0x00, 0x28, 0xff, 0xff, 0x1a, 0x00, 0x00, 0x00, 0x00, 0x00, 0x00, 0x00, 0x00, 0x00, 0x00, 0x00, 
  0x00, 0x28, 0xff, 0xff, 0x1c, 0x00, 0x00, 0x00, 0x00, 0x00, 0x00, 0x00, 0x00, 0x00, 0x00, 0x00, 
  0x00, 0x2e, 0xff, 0xff, 0x1e, 0x00, 0x00, 0x00, 0x00, 0x00, 0x00, 0x00, 0x00, 0x00, 0x00, 0x00, 
  0x00, 0x33, 0xff, 0xff, 0x23, 0x00, 0x00, 0x00, 0x00, 0x00, 0x00, 0x00, 0x00, 0x00, 0x00, 0x00, 
  0x00, 0x25, 0xfb, 0xff, 0x2d, 0x00, 0x00, 0x00, 0x00, 0x00, 0x00, 0x00, 0x00, 0x00, 0x00, 0x00, 
  0x00, 0x00, 0x23, 0x52, 0x06, 0x00, 0x00, 0x00, 0x00, 0x00, 0x00, 0x26, 0x93, 0x54, 0x00, 0x00, 
  0x00, 0x00, 0x00, 0x00, 0x00, 0x05, 0x9f, 0x81, 0x10, 0x53, 0xff, 0xff, 0x0c, 0x00, 0x00, 0x00, 
  0x00, 0x00, 0x00, 0x0c, 0xff, 0xff, 0x5b, 0x4a, 0xff, 0xff, 0x0c, 0x00, 0x00, 0x00, 0x00, 0x00, 
  0x00, 0x07, 0xff, 0xff, 0x53, 0x45, 0xff, 0xff, 0x09, 0x00, 0x00, 0x00, 0x00, 0x00, 0x00, 0x04, 
  0xff, 0xff, 0x4f, 0x43, 0xff, 0xff, 0x09, 0x00, 0x00, 0x00, 0x00, 0x00, 0x00, 0x01, 0xff, 0xff, 
  0x4e, 0x42, 0xff, 0xff, 0x09, 0x00, 0x00, 0x00, 0x00, 0x00, 0x00, 0x00, 0xff, 0xff, 0x4e, 0x40, 
  0xff, 0xff, 0x08, 0x00, 0x00, 0x00, 0x00, 0x00, 0x00, 0x00, 0xfd, 0xff, 0x4d, 0x40, 0xff, 0xff, 
  0x08, 0x00, 0x00, 0x00, 0x00, 0x00, 0x00, 0x00, 0xfc, 0xff, 0x4c, 0x3f, 0xff, 0xff, 0x08, 0x00, 
  0x00, 0x00, 0x00, 0x00, 0x00, 0x00, 0xfc, 0xff, 0x4c, 0x3e, 0xff, 0xff, 0x08, 0x00, 0x00, 0x00, 
  0x00, 0x00, 0x00, 0x00, 0xfb, 0xff, 0x4c, 0x3d, 0xff, 0xff, 0x08, 0x00, 0x00, 0x00, 0x00, 0x00, 
  0x00, 0x00, 0xfa, 0xff, 0x4c, 0x3d, 0xff, 0xff, 0x08, 0x00, 0x00, 0x00, 0x00, 0x00, 0x00, 0x00, 
  0xfa, 0xff, 0x4c, 0x3d, 0xff, 0xff, 0x08, 0x00, 0x00, 0x00, 0x00, 0x00, 0x00, 0x00, 0xf9, 0xff, 
  0x4c, 0x3d, 0xff, 0xff, 0x08, 0x00, 0x00, 0x00, 0x00, 0x00, 0x00, 0x00, 0xf9, 0xff, 0x4c, 0x3d, 
  0xff, 0xff, 0x08, 0x00, 0x00, 0x00, 0x00, 0x00, 0x00, 0x00, 0xf9, 0xff, 0x4c, 0x3d, 0xff, 0xff, 
  0x08, 0x00, 0x00, 0x00, 0x00, 0x00, 0x00, 0x00, 0xfb, 0xff, 0x4a, 0x3b, 0xff, 0xff, 0x0a, 0x00, 
  0x00, 0x00, 0x00, 0x00, 0x00, 0x0c, 0xff, 0xff, 0x3e, 0x2d, 0xff, 0xff, 0x15, 0x00, 0x00, 0x00, 
  0x00, 0x00, 0x00, 0x35, 0xff, 0xff, 0x25, 0x1a, 0xff, 0xff, 0x30, 0x00, 0x00, 0x00, 0x00, 0x00, 
  0x00, 0x7d, 0xff, 0xf1, 0x01, 0x00, 0xe6, 0xff, 0x68, 0x00, 0x00, 0x00, 0x00, 0x00, 0x0b, 0xe7, 
  0xff, 0xa0, 0x00, 0x00, 0x9c, 0xff, 0xda, 0x12, 0x00, 0x00, 0x00, 0x08, 0xac, 0xff, 0xfc, 0x2f, 
  0x00, 0x00, 0x20, 0xf6, 0xff, 0xe6, 0x92, 0x76, 0x8a, 0xdd, 0xff, 0xff, 0x7d, 0x00, 0x00, 0x00, 
  0x00, 0x3d, 0xe4, 0xff, 0xff, 0xff, 0xff, 0xff, 0xf4, 0x72, 0x00, 0x00, 0x00, 0x00, 0x00, 0x00, 
  0x04, 0x4b, 0x76, 0x8d, 0x82, 0x5a, 0x11, 0x00, 0x00, 0x00, 0x00, 0x05, 0x6c, 0x6c, 0x0b, 0x00, 
  0x00, 0x00, 0x00, 0x00, 0x00, 0x00, 0x00, 0x17, 0xad, 0x51, 0x00, 0x06, 0xef, 0xff, 0x6c, 0x00, 
  0x00, 0x00, 0x00, 0x00, 0x00, 0x00, 0x00, 0x55, 0xff, 0xff, 0x1f, 0x00, 0xa0, 0xff, 0xa7, 0x00, 
  0x00, 0x00, 0x00, 0x00, 0x00, 0x00, 0x00, 0x8a, 0xff, 0xde, 0x01, 0x00, 0x53, 0xff, 0xe8, 0x00, 
  0x00, 0x00, 0x00, 0x00, 0x00, 0x00, 0x00, 0xc6, 0xff, 0x81, 0x00, 0x00, 0x10, 0xfc, 0xff, 0x2e, 
  0x00, 0x00, 0x00, 0x00, 0x00, 0x00, 0x11, 0xfc, 0xff, 0x32, 0x00, 0x00, 0x00, 0xc8, 0xff, 0x74, 
  0x00, 0x00, 0x00, 0x00, 0x00, 0x00, 0x55, 0xff, 0xe9, 0x01, 0x00, 0x00, 0x00, 0x82, 0xff, 0xb9, 
  0x00, 0x00, 0x00, 0x00, 0x00, 0x00, 0x9c, 0xff, 0xa1, 0x00, 0x00, 0x00, 0x00, 0x3c, 0xff, 0xf6, 
  0x07, 0x00, 0x00, 0x00, 0x00, 0x00, 0xe2, 0xff, 0x55, 0x00, 0x00, 0x00, 0x00, 0x04, 0xf2, 0xff, 
  0x42, 0x00, 0x00, 0x00, 0x00, 0x29, 0xff, 0xfa, 0x0e, 0x00, 0x00, 0x00, 0x00, 0x00, 0xb3, 0xff, 
  0x87, 0x00, 0x00, 0x00, 0x00, 0x6e, 0xff, 0xbf, 0x00, 0x00, 0x00, 0x00, 0x00, 0x00, 0x6f, 0xff, 
  0xcb, 0x00, 0x00, 0x00, 0x00, 0xb3, 0xff, 0x76, 0x00, 0x00, 0x00, 0x00, 0x00, 0x00, 0x2b, 0xff, 
  0xfd, 0x12, 0x00, 0x00, 0x05, 0xf3, 0xff, 0x2e, 0x00, 0x00, 0x00, 0x00, 0x00, 0x00, 0x00, 0xe6, 
  0xff, 0x52, 0x00, 0x00, 0x3d, 0xff, 0xe5, 0x00, 0x00, 0x00, 0x00, 0x00, 0x00, 0x00, 0x00, 0xa4, 
  0xff, 0x8e, 0x00, 0x00, 0x82, 0xff, 0x9d, 0x00, 0x00, 0x00, 0x00, 0x00, 0x00, 0x00, 0x00, 0x63, 
  0xff, 0xcb, 0x00, 0x00, 0xc6, 0xff, 0x54, 0x00, 0x00, 0x00, 0x00, 0x00, 0x00, 0x00, 0x00, 0x22, 
  0xff, 0xfb, 0x0b, 0x0e, 0xfc, 0xfb, 0x10, 0x00, 0x00, 0x00, 0x00, 0x00, 0x00, 0x00, 0x00, 0x00, 
  0xe0, 0xff, 0x43, 0x4f, 0xff, 0xc3, 0x00, 0x00, 0x00, 0x00, 0x00, 0x00, 0x00, 0x00, 0x00, 0x00, 
  0x9f, 0xff, 0x7f, 0x92, 0xff, 0x7a, 0x00, 0x00, 0x00, 0x00, 0x00, 0x00, 0x00, 0x00, 0x00, 0x00, 
  0x61, 0xff, 0xbc, 0xd6, 0xff, 0x32, 0x00, 0x00, 0x00, 0x00, 0x00, 0x00, 0x00, 0x00, 0x00, 0x00, 
  0x23, 0xff, 0xf8, 0xff, 0xe8, 0x01, 0x00, 0x00, 0x00, 0x00, 0x00, 0x00, 0x00, 0x00, 0x00, 0x00, 
  0x00, 0xe4, 0xff, 0xff, 0xa6, 0x00, 0x00, 0x00, 0x00, 0x00, 0x00, 0x00, 0x00, 0x00, 0x00, 0x00, 
  0x00, 0xa2, 0xff, 0xff, 0x7a, 0x00, 0x00, 0x00, 0x00, 0x00, 0x00, 0x00, 0x00, 0x00, 0x00, 0x00, 
  0x00, 0x3f, 0xff, 0xff, 0x42, 0x00, 0x00, 0x00, 0x00, 0x00, 0x00, 0x00, 0x00, 0x00, 0x00, 0x00, 
  0x00, 0x00, 0x50, 0x7c, 0x02, 0x00, 0x00, 0x00, 0x00, 0x00, 0x00, 0x15, 0x85, 0x50, 0x00, 0x00, 
  0x00, 0x00, 0x03, 0x00, 0x00, 0x00, 0x00, 0x05, 0x86, 0x5a, 0x00, 0x1a, 0xff, 0xff, 0x46, 0x00, 
  0x00, 0x7e, 0xfc, 0xdd, 0x33, 0x00, 0x00, 0x23, 0xff, 0xff, 0x33, 0x00, 0xe5, 0xff, 0x5f, 0x00, 
  0x00, 0xa5, 0xff, 0xff, 0x68, 0x00, 0x00, 0x2e, 0xff, 0xff, 0x12, 0x00, 0xb8, 0xff, 0x6e, 0x00, 
  0x00, 0xc1, 0xff, 0xff, 0x7e, 0x00, 0x00, 0x47, 0xff, 0xe7, 0x00, 0x00, 0x93, 0xff, 0x88, 0x00, 
  0x00, 0xe0, 0xff, 0xff, 0x9e, 0x00, 0x00, 0x62, 0xff, 0xc0, 0x00, 0x00, 0x70, 0xff, 0xa2, 0x00, 
  0x02, 0xfa, 0xec, 0xff, 0xbf, 0x00, 0x00, 0x7f, 0xff, 0x9d, 0x00, 0x00, 0x4f, 0xff, 0xbb, 0x00, 
  0x19, 0xff, 0xc2, 0xf0, 0xe0, 0x00, 0x00, 0x9c, 0xff, 0x7b, 0x00, 0x00, 0x31, 0xff, 0xd2, 0x00, 
  0x35, 0xff, 0xa6, 0xd2, 0xfc, 0x04, 0x00, 0xb7, 0xff, 0x5c, 0x00, 0x00, 0x13, 0xff, 0xe9, 0x00, 
  0x50, 0xff, 0x8c, 0xb4, 0xff, 0x22, 0x00, 0xd2, 0xff, 0x3d, 0x00, 0x00, 0x00, 0xf6, 0xfd, 0x03, 
  0x6b, 0xff, 0x72, 0x99, 0xff, 0x42, 0x00, 0xec, 0xff, 0x1f, 0x00, 0x00, 0x00, 0xdc, 0xff, 0x16, 
  0x86, 0xff, 0x58, 0x7c, 0xff, 0x63, 0x06, 0xfe, 0xfd, 0x05, 0x00, 0x00, 0x00, 0xc2, 0xff, 0x2b, 
  0xa0, 0xff, 0x3f, 0x61, 0xff, 0x81, 0x1d, 0xff, 0xe5, 0x00, 0x00, 0x00, 0x00, 0xa9, 0xff, 0x40, 
  0xba, 0xff, 0x25, 0x46, 0xff, 0x9d, 0x34, 0xff, 0xc9, 0x00, 0x00, 0x00, 0x00, 0x90, 0xff, 0x54, 
  0xd4, 0xff, 0x0c, 0x2d, 0xff, 0xb8, 0x4b, 0xff, 0xae, 0x00, 0x00, 0x00, 0x00, 0x79, 0xff, 0x68, 
  0xed, 0xf2, 0x00, 0x13, 0xff, 0xd3, 0x61, 0xff, 0x93, 0x00, 0x00, 0x00, 0x00, 0x61, 0xff, 0x82, 
  0xff, 0xd9, 0x00, 0x00, 0xf9, 0xee, 0x76, 0xff, 0x79, 0x00, 0x00, 0x00, 0x00, 0x4b, 0xff, 0xae, 
  0xff, 0xbf, 0x00, 0x00, 0xe1, 0xff, 0x96, 0xff, 0x5f, 0x00, 0x00, 0x00, 0x00, 0x34, 0xff, 0xd9, 
  0xff, 0xa6, 0x00, 0x00, 0xc9, 0xff, 0xc6, 0xff, 0x46, 0x00, 0x00, 0x00, 0x00, 0x1d, 0xff, 0xfc, 
  0xff, 0x8d, 0x00, 0x00, 0xb0, 0xff, 0xf6, 0xff, 0x2c, 0x00, 0x00, 0x00, 0x00, 0x08, 0xff, 0xff, 
  0xff, 0x76, 0x00, 0x00, 0x99, 0xff, 0xff, 0xff, 0x13, 0x00, 0x00, 0x00, 0x00, 0x00, 0xf3, 0xff, 
  0xff, 0x60, 0x00, 0x00, 0x81, 0xff, 0xff, 0xfa, 0x01, 0x00, 0x00, 0x00, 0x00, 0x00, 0xd6, 0xff, 
  0xff, 0x4d, 0x00, 0x00, 0x60, 0xff, 0xff, 0xe3, 0x00, 0x00, 0x00, 0x00, 0x00, 0x00, 0x70, 0xff, 
  0xff, 0x3b, 0x00, 0x00, 0x0f, 0xdc, 0xff, 0xc8, 0x00, 0x00, 0x00, 0x00, 0x00, 0x00, 0x00, 0x42, 
  0x66, 0x02, 0x00, 0x00, 0x00, 0x11, 0x6f, 0x3a, 0x00, 0x00, 0x00, 0x00, 0x4b, 0x96, 0x23, 0x00, 
  0x00, 0x00, 0x00, 0x00, 0x00, 0x00, 0x56, 0x20, 0x00, 0x04, 0xee, 0xff, 0x9a, 0x00, 0x00, 0x00, 
  0x00, 0x00, 0x00, 0x40, 0xff, 0xf5, 0x23, 0x00, 0x6d, 0xff, 0xf6, 0x14, 0x00, 0x00, 0x00, 0x00, 
  0x00, 0xb6, 0xff, 0xd0, 0x04, 0x00, 0x05, 0xe1, 0xff, 0x7e, 0x00, 0x00, 0x00, 0x00, 0x2e, 0xff, 
  0xff, 0x40, 0x00, 0x00, 0x00, 0x6c, 0xff, 0xe9, 0x08, 0x00, 0x00, 0x00, 0xa7, 0xff, 0xbd, 0x00, 
  0x00, 0x00, 0x00, 0x09, 0xea, 0xff, 0x65, 0x00, 0x00, 0x24, 0xfc, 0xff, 0x41, 0x00, 0x00, 0x00, 
  0x00, 0x00, 0x7d, 0xff, 0xd8, 0x01, 0x00, 0x9c, 0xff, 0xc6, 0x00, 0x00, 0x00, 0x00, 0x00, 0x00, 
  0x12, 0xf4, 0xff, 0x4f, 0x1c, 0xf9, 0xff, 0x4a, 0x00, 0x00, 0x00, 0x00, 0x00, 0x00, 0x00, 0x90, 
  0xff, 0xc5, 0x92, 0xff, 0xce, 0x00, 0x00, 0x00, 0x00, 0x00, 0x00, 0x00, 0x00, 0x1f, 0xfb, 0xff, 
  0xfb, 0xff, 0x53, 0x00, 0x00, 0x00, 0x00, 0x00, 0x00, 0x00, 0x00, 0x00, 0xa6, 0xff, 0xff, 0xd6, 
  0x01, 0x00, 0x00, 0x00, 0x00, 0x00, 0x00, 0x00, 0x00, 0x00, 0x3a, 0xff, 0xff, 0x65, 0x00, 0x00, 
  0x00, 0x00, 0x00, 0x00, 0x00, 0x00, 0x00, 0x00, 0x7a, 0xff, 0xff, 0x9a, 0x00, 0x00, 0x00, 0x00, 
  0x00, 0x00, 0x00, 0x00, 0x00, 0x09, 0xea, 0xff, 0xff, 0xf8, 0x18, 0x00, 0x00, 0x00, 0x00, 0x00, 
  0x00, 0x00, 0x00, 0x6f, 0xff, 0xe7, 0xd2, 0xff, 0x87, 0x00, 0x00, 0x00, 0x00, 0x00, 0x00, 0x00, 
  0x05, 0xe2, 0xff, 0x74, 0x5a, 0xff, 0xf0, 0x0d, 0x00, 0x00, 0x00, 0x00, 0x00, 0x00, 0x63, 0xff, 
  0xed, 0x0c, 0x04, 0xdf, 0xff, 0x74, 0x00, 0x00, 0x00, 0x00, 0x00, 0x02, 0xda, 0xff, 0x7f, 0x00, 
  0x00, 0x6e, 0xff, 0xe5, 0x06, 0x00, 0x00, 0x00, 0x00, 0x58, 0xff, 0xf3, 0x12, 0x00, 0x00, 0x0b, 
  0xed, 0xff, 0x62, 0x00, 0x00, 0x00, 0x03, 0xd4, 0xff, 0x8c, 0x00, 0x00, 0x00, 0x00, 0x84, 0xff, 
  0xda, 0x04, 0x00, 0x00, 0x69, 0xff, 0xf9, 0x1a, 0x00, 0x00, 0x00, 0x00, 0x17, 0xf8, 0xff, 0x6a, 
  0x00, 0x15, 0xee, 0xff, 0xa3, 0x00, 0x00, 0x00, 0x00, 0x00, 0x00, 0x9e, 0xff, 0xef, 0x18, 0x64, 
  0xff, 0xff, 0x35, 0x00, 0x00, 0x00, 0x00, 0x00, 0x00, 0x31, 0xff, 0xff, 0x5a, 0x00, 0x30, 0x3a, 
  0x00, 0x00, 0x00, 0x00, 0x00, 0x00, 0x00, 0x00, 0x3a, 0x26, 0x00, 0x00, 0x3c, 0x66, 0x16, 0x00, 
  0x00, 0x00, 0x00, 0x00, 0x00, 0x00, 0x00, 0x59, 0xa2, 0x40, 0x14, 0xf5, 0xff, 0x96, 0x00, 0x00, 
  0x00, 0x00, 0x00, 0x00, 0x00, 0x06, 0xeb, 0xff, 0xac, 0x00, 0x71, 0xff, 0xf6, 0x13, 0x00, 0x00, 
  0x00, 0x00, 0x00, 0x00, 0x58, 0xff, 0xf9, 0x22, 0x00, 0x04, 0xd9, 0xff, 0x7a, 0x00, 0x00, 0x00, 
  0x00, 0x00, 0x00, 0xc5, 0xff, 0x94, 0x00, 0x00, 0x00, 0x56, 0xff, 0xe6, 0x05, 0x00, 0x00, 0x00, 
  0x00, 0x35, 0xff, 0xf9, 0x1b, 0x00, 0x00, 0x00, 0x02, 0xd5, 0xff, 0x5a, 0x00, 0x00, 0x00, 0x00, 
  0xa3, 0xff, 0x99, 0x00, 0x00, 0x00, 0x00, 0x00, 0x5e, 0xff, 0xc9, 0x00, 0x00, 0x00, 0x16, 0xf9, 
  0xfe, 0x27, 0x00, 0x00, 0x00, 0x00, 0x00, 0x05, 0xe2, 0xff, 0x37, 0x00, 0x00, 0x7e, 0xff, 0xb0, 
  0x00, 0x00, 0x00, 0x00, 0x00, 0x00, 0x00, 0x76, 0xff, 0xa6, 0x00, 0x05, 0xe6, 0xff, 0x3c, 0x00, 
  0x00, 0x00, 0x00, 0x00, 0x00, 0x00, 0x10, 0xf4, 0xfa, 0x19, 0x5d, 0xff, 0xc8, 0x00, 0x00, 0x00, 
  0x00, 0x00, 0x00, 0x00, 0x00, 0x00, 0x97, 0xff, 0x82, 0xcd, 0xff, 0x53, 0x00, 0x00, 0x00, 0x00, 
  0x00, 0x00, 0x00, 0x00, 0x00, 0x2b, 0xff, 0xf7, 0xff, 0xdc, 0x02, 0x00, 0x00, 0x00, 0x00, 0x00, 
  0x00, 0x00, 0x00, 0x00, 0x00, 0xc0, 0xff, 0xff, 0x6b, 0x00, 0x00, 0x00, 0x00, 0x00, 0x00, 0x00, 
  0x00, 0x00, 0x00, 0x00, 0x5d, 0xff, 0xf6, 0x0a, 0x00, 0x00, 0x00, 0x00, 0x00, 0x00, 0x00, 0x00, 
  0x00, 0x00, 0x00, 0x49, 0xff, 0xec, 0x00, 0x00, 0x00, 0x00, 0x00, 0x00, 0x00, 0x00, 0x00, 0x00, 
  0x00, 0x00, 0x49, 0xff, 0xec, 0x00, 0x00, 0x00, 0x00, 0x00, 0x00, 0x00, 0x00, 0x00, 0x00, 0x00, 
  0x00, 0x4a, 0xff, 0xec, 0x00, 0x00, 0x00, 0x00, 0x00, 0x00, 0x00, 0x00, 0x00, 0x00, 0x00, 0x00, 
  0x4c, 0xff, 0xec, 0x00, 0x00, 0x00, 0x00, 0x00, 0x00, 0x00, 0x00, 0x00, 0x00, 0x00, 0x00, 0x4d, 
  0xff, 0xed, 0x00, 0x00, 0x00, 0x00, 0x00, 0x00, 0x00, 0x00, 0x00, 0x00, 0x00, 0x00, 0x51, 0xff, 
  0xef, 0x00, 0x00, 0x00, 0x00, 0x00, 0x00, 0x00, 0x00, 0x00, 0x00, 0x00, 0x00, 0x55, 0xff, 0xf3, 
  0x00, 0x00, 0x00, 0x00, 0x00, 0x00, 0x00, 0x00, 0x00, 0x00, 0x00, 0x00, 0x5b, 0xff, 0xfd, 0x00, 
  0x00, 0x00, 0x00, 0x00, 0x00, 0x00, 0x00, 0x00, 0x00, 0x00, 0x00, 0x44, 0xfd, 0xff, 0x04, 0x00, 
  0x00, 0x00, 0x00, 0x00, 0x00, 0x00, 0x00, 0x00, 0x00, 0x00, 0x00, 0x18, 0x39, 0x00, 0x00, 0x00, 
  0x00, 0x00, 0x00, 0x00, 0x00, 0x00, 0x00, 0x00, 0x00, 0x00, 0x00, 0x04, 0x19, 0x2f, 0x47, 0x64, 
  0x74, 0x0e, 0x00, 0x00, 0x64, 0xcf, 0xbf, 0xc8, 0xd9, 0xed, 0xfe, 0xff, 0xff, 0xff, 0xff, 0xff, 
  0x9d, 0x00, 0x00, 0x3a, 0xff, 0xff, 0xff, 0xff, 0xff, 0xf3, 0xdc, 0xc6, 0xe5, 0xff, 0xff, 0x94, 
  0x00, 0x00, 0x00, 0x4f, 0x55, 0x3b, 0x22, 0x0a, 0x00, 0x00, 0x13, 0xee, 0xff, 0x93, 0x00, 0x00, 
  0x00, 0x00, 0x00, 0x00, 0x00, 0x00, 0x00, 0x00, 0x00, 0x94, 0xff, 0xe2, 0x0b, 0x00, 0x00, 0x00, 
  0x00, 0x00, 0x00, 0x00, 0x00, 0x00, 0x00, 0x29, 0xfb, 0xff, 0x50, 0x00, 0x00, 0x00, 0x00, 0x00, 
  0x00, 0x00, 0x00, 0x00, 0x00, 0x00, 0xb6, 0xff, 0xb4, 0x00, 0x00, 0x00, 0x00, 0x00, 0x00, 0x00, 
  0x00, 0x00, 0x00, 0x00, 0x47, 0xff, 0xf6, 0x20, 0x00, 0x00, 0x00, 0x00, 0x00, 0x00, 0x00, 0x00, 
  0x00, 0x00, 0x03, 0xd5, 0xff, 0x80, 0x00, 0x00, 0x00, 0x00, 0x00, 0x00, 0x00, 0x00, 0x00, 0x00, 
  0x00, 0x6a, 0xff, 0xe3, 0x0a, 0x00, 0x00, 0x00, 0x00, 0x00, 0x00, 0x00, 0x00, 0x00, 0x00, 0x10, 
  0xeb, 0xff, 0x5a, 0x00, 0x00, 0x00, 0x00, 0x00, 0x00, 0x00, 0x00, 0x00, 0x00, 0x00, 0x8b, 0xff, 
  0xc6, 0x01, 0x00, 0x00, 0x00, 0x00, 0x00, 0x00, 0x00, 0x00, 0x00, 0x00, 0x1b, 0xf7, 0xff, 0x38, 
  0x00, 0x00, 0x00, 0x00, 0x00, 0x00, 0x00, 0x00, 0x00, 0x00, 0x00, 0x9a, 0xff, 0xae, 0x00, 0x00, 
  0x00, 0x00, 0x00, 0x00, 0x00, 0x00, 0x00, 0x00, 0x00, 0x24, 0xfb, 0xfc, 0x28, 0x00, 0x00, 0x00, 
  0x00, 0x00, 0x00, 0x00, 0x00, 0x00, 0x00, 0x00, 0xa7, 0xff, 0x9b, 0x00, 0x00, 0x00, 0x00, 0x00, 
  0x00, 0x00, 0x00, 0x00, 0x00, 0x00, 0x2f, 0xfe, 0xf7, 0x1b, 0x00, 0x00, 0x00, 0x00, 0x00, 0x00, 
  0x00, 0x00, 0x00, 0x00, 0x00, 0xb5, 0xff, 0x91, 0x00, 0x00, 0x00, 0x00, 0x00, 0x00, 0x00, 0x00, 
  0x00, 0x00, 0x00, 0x3c, 0xff, 0xf7, 0x1a, 0x00, 0x00, 0x00, 0x00, 0x00, 0x00, 0x00, 0x00, 0x00, 
  0x00, 0x00, 0xc3, 0xff, 0x91, 0x00, 0x00, 0x00, 0x00, 0x00, 0x00, 0x00, 0x00, 0x00, 0x00, 0x00, 
  0x65, 0xff, 0xf9, 0x31, 0x22, 0x28, 0x2b, 0x2b, 0x2a, 0x27, 0x24, 0x24, 0x27, 0x03, 0x0c, 0xfb, 
  0xff, 0xff, 0xff, 0xff, 0xff, 0xff, 0xff, 0xff, 0xff, 0xff, 0xff, 0xff, 0x8a, 0x00, 0xc4, 0xff, 
  0xfb, 0xef, 0xe8, 0xe1, 0xde, 0xdb, 0xda, 0xd9, 0xdb, 0xea, 0xfa, 0xc4, 0x00, 0x0a, 0x27, 0x00, 
  0x00, 0x00, 0x00, 0x00, 0x00, 0x00, 0x00, 0x00, 0x00, 0x00, 0x02, 0x21, 0x6c, 0x75, 0x79, 0x80, 
  0x83, 0x39, 0x97, 0xff, 0xff, 0xff, 0xff, 0xff, 0xd6, 0x81, 0xff, 0xbb, 0x40, 0x40, 0x40, 0x2c, 
  0x71, 0xff, 0xa4, 0x00, 0x00, 0x00, 0x00, 0x70, 0xff, 0xa4, 0x00, 0x00, 0x00, 0x00, 0x70, 0xff, 
  0xa4, 0x00, 0x00, 0x00, 0x00, 0x70, 0xff, 0xa4, 0x00, 0x00, 0x00, 0x00, 0x70, 0xff, 0xa4, 0x00, 
  0x00, 0x00, 0x00, 0x70, 0xff, 0xa4, 0x00, 0x00, 0x00, 0x00, 0x70, 0xff, 0xa4, 0x00, 0x00, 0x00, 
  0x00, 0x70, 0xff, 0xa4, 0x00, 0x00, 0x00, 0x00, 0x70, 0xff, 0xa4, 0x00, 0x00, 0x00, 0x00, 0x70, 
  0xff, 0xa4, 0x00, 0x00, 0x00, 0x00, 0x70, 0xff, 0xa4, 0x00, 0x00, 0x00, 0x00, 0x70, 0xff, 0xa4, 
  0x00, 0x00, 0x00, 0x00, 0x70, 0xff, 0xa4, 0x00, 0x00, 0x00, 0x00, 0x70, 0xff, 0xa4, 0x00, 0x00, 
  0x00, 0x00, 0x70, 0xff, 0xa4, 0x00, 0x00, 0x00, 0x00, 0x70, 0xff, 0xa4, 0x00, 0x00, 0x00, 0x00, 
  0x70, 0xff, 0xa4, 0x00, 0x00, 0x00, 0x00, 0x70, 0xff, 0xa4, 0x00, 0x00, 0x00, 0x00, 0x70, 0xff, 
  0xa4, 0x00, 0x00, 0x00, 0x00, 0x70, 0xff, 0xa4, 0x00, 0x00, 0x00, 0x00, 0x70, 0xff, 0xa4, 0x00, 
  0x00, 0x00, 0x00, 0x70, 0xff, 0xa4, 0x00, 0x00, 0x00, 0x00, 0x70, 0xff, 0xa4, 0x00, 0x00, 0x00, 
  0x00, 0x71, 0xff, 0xa4, 0x00, 0x00, 0x00, 0x00, 0x7d, 0xff, 0xa4, 0x00, 0x07, 0x0c, 0x00, 0x88, 
  0xff, 0xfc, 0xfc, 0xff, 0xff, 0x8c, 0x26, 0xc0, 0xbf, 0xb4, 0xb4, 0xb4, 0x82, 0x00, 0x2a, 0x09, 
  0x00, 0x00, 0x00, 0x00, 0x00, 0x00, 0x00, 0x00, 0x00, 0x00, 0x00, 0x40, 0xfc, 0x78, 0x00, 0x00, 
  0x00, 0x00, 0x00, 0x00, 0x00, 0x00, 0x00, 0x00, 0x00, 0x59, 0xff, 0xe2, 0x03, 0x00, 0x00, 0x00, 
  0x00, 0x00, 0x00, 0x00, 0x00, 0x00, 0x00, 0x01, 0xca, 0xff, 0x55, 0x00, 0x00, 0x00, 0x00, 0x00, 
  0x00, 0x00, 0x00, 0x00, 0x00, 0x00, 0x4e, 0xff, 0xc5, 0x00, 0x00, 0x00, 0x00, 0x00, 0x00, 0x00, 
  0x00, 0x00, 0x00, 0x00, 0x01, 0xd9, 0xff, 0x34, 0x00, 0x00, 0x00, 0x00, 0x00, 0x00, 0x00, 0x00, 
  0x00, 0x00, 0x00, 0x69, 0xff, 0xa5, 0x00, 0x00, 0x00, 0x00, 0x00, 0x00, 0x00, 0x00, 0x00, 0x00, 
  0x00, 0x0a, 0xec, 0xfa, 0x1b, 0x00, 0x00, 0x00, 0x00, 0x00, 0x00, 0x00, 0x00, 0x00, 0x00, 0x00, 
  0x85, 0xff, 0x86, 0x00, 0x00, 0x00, 0x00, 0x00, 0x00, 0x00, 0x00, 0x00, 0x00, 0x00, 0x19, 0xf9, 
  0xec, 0x09, 0x00, 0x00, 0x00, 0x00, 0x00, 0x00, 0x00, 0x00, 0x00, 0x00, 0x00, 0xa0, 0xff, 0x67, 
  0x00, 0x00, 0x00, 0x00, 0x00, 0x00, 0x00, 0x00, 0x00, 0x00, 0x00, 0x2e, 0xff, 0xd6, 0x01, 0x00, 
  0x00, 0x00, 0x00, 0x00, 0x00, 0x00, 0x00, 0x00, 0x00, 0x00, 0xbc, 0xff, 0x48, 0x00, 0x00, 0x00, 
  0x00, 0x00, 0x00, 0x00, 0x00, 0x00, 0x00, 0x00, 0x4a, 0xff, 0xb9, 0x00, 0x00, 0x00, 0x00, 0x00, 
  0x00, 0x00, 0x00, 0x00, 0x00, 0x00, 0x01, 0xd6, 0xff, 0x2b, 0x00, 0x00, 0x00, 0x00, 0x00, 0x00, 
  0x00, 0x00, 0x00, 0x00, 0x00, 0x65, 0xff, 0x9b, 0x00, 0x00, 0x00, 0x00, 0x00, 0x00, 0x00, 0x00, 
  0x00, 0x00, 0x00, 0x08, 0xea, 0xf7, 0x15, 0x00, 0x00, 0x00, 0x00, 0x00, 0x00, 0x00, 0x00, 0x00, 
  0x00, 0x00, 0x81, 0xff, 0x7d, 0x00, 0x00, 0x00, 0x00, 0x00, 0x00, 0x00, 0x00, 0x00, 0x00, 0x00, 
  0x16, 0xf7, 0xe7, 0x06, 0x00, 0x00, 0x00, 0x00, 0x00, 0x00, 0x00, 0x00, 0x00, 0x00, 0x00, 0x9c, 
  0xff, 0x5f, 0x00, 0x00, 0x00, 0x00, 0x00, 0x00, 0x00, 0x00, 0x00, 0x00, 0x00, 0x2a, 0xff, 0xd0, 
  0x00, 0x00, 0x00, 0x00, 0x00, 0x00, 0x00, 0x00, 0x00, 0x00, 0x00, 0x00, 0xb8, 0xff, 0x41, 0x00, 
  0x00, 0x00, 0x00, 0x00, 0x00, 0x00, 0x00, 0x00, 0x00, 0x00, 0x45, 0xff, 0xb3, 0x00, 0x00, 0x00, 
  0x00, 0x00, 0x00, 0x00, 0x00, 0x00, 0x00, 0x00, 0x00, 0xd2, 0xfe, 0x26, 0x00, 0x00, 0x00, 0x00, 
  0x00, 0x00, 0x00, 0x00, 0x00, 0x00, 0x00, 0x61, 0xff, 0x96, 0x00, 0x00, 0x00, 0x00, 0x00, 0x00, 
  0x00, 0x00, 0x00, 0x00, 0x00, 0x06, 0xe7, 0xf7, 0x1c, 0x00, 0x00, 0x00, 0x00, 0x00, 0x00, 0x00, 
  0x00, 0x00, 0x00, 0x00, 0x83, 0xff, 0x98, 0x00, 0x00, 0x00, 0x00, 0x00, 0x00, 0x00, 0x00, 0x00, 
  0x00, 0x00, 0x1d, 0xfc, 0x87, 0x00, 0x00, 0x00, 0x00, 0x00, 0x00, 0x00, 0x00, 0x00, 0x00, 0x00, 
  0x00, 0x2c, 0x01, 0x45, 0x6c, 0x6c, 0x6c, 0x75, 0x78, 0x0a, 0xad, 0xff, 0xff, 0xff, 0xff, 0xff, 
  0x7d, 0x14, 0x55, 0x50, 0x48, 0xbb, 0xff, 0x7f, 0x00, 0x00, 0x00, 0x00, 0xa4, 0xff, 0x75, 0x00, 
  0x00, 0x00, 0x00, 0xa4, 0xff, 0x73, 0x00, 0x00, 0x00, 0x00, 0xa4, 0xff, 0x73, 0x00, 0x00, 0x00, 
  0x00, 0xa4, 0xff, 0x72, 0x00, 0x00, 0x00, 0x00, 0xa4, 0xff, 0x72, 0x00, 0x00, 0x00, 0x00, 0xa4, 
  0xff, 0x72, 0x00, 0x00, 0x00, 0x00, 0xa4, 0xff, 0x71, 0x00, 0x00, 0x00, 0x00, 0xa4, 0xff, 0x71, 
  0x00, 0x00, 0x00, 0x00, 0xa4, 0xff, 0x71, 0x00, 0x00, 0x00, 0x00, 0xa4, 0xff, 0x70, 0x00, 0x00, 
  0x00, 0x00, 0xa4, 0xff, 0x70, 0x00, 0x00, 0x00, 0x00, 0xa4, 0xff, 0x70, 0x00, 0x00, 0x00, 0x00, 
  0xa4, 0xff, 0x70, 0x00, 0x00, 0x00, 0x00, 0xa4, 0xff, 0x70, 0x00, 0x00, 0x00, 0x00, 0xa4, 0xff, 
  0x70, 0x00, 0x00, 0x00, 0x00, 0xa4, 0xff, 0x70, 0x00, 0x00, 0x00, 0x00, 0xa4, 0xff, 0x70, 0x00, 
  0x00, 0x00, 0x00, 0xa4, 0xff, 0x70, 0x00, 0x00, 0x00, 0x00, 0xa4, 0xff, 0x70, 0x00, 0x00, 0x00, 
  0x00, 0xa4, 0xff, 0x70, 0x00, 0x00, 0x00, 0x00, 0xa4, 0xff, 0x70, 0x00, 0x00, 0x00, 0x00, 0xa4, 
  0xff, 0x70, 0x00, 0x00, 0x00, 0x00, 0xa4, 0xff, 0x70, 0x00, 0x00, 0x00, 0x00, 0xa4, 0xff, 0x70, 
  0x00, 0x00, 0x00, 0x00, 0xa4, 0xff, 0x7b, 0xc9, 0xf4, 0xf4, 0xf4, 0xfb, 0xff, 0x94, 0x73, 0xc7, 
  0xc2, 0xbd, 0xbc, 0xb5, 0x49, 0x00, 0x00, 0x00, 0x00, 0x00, 0x01, 0x0a, 0x00, 0x00, 0x00, 0x00, 
  0x00, 0x00, 0x00, 0x00, 0x00, 0x00, 0x05, 0xdb, 0xf0, 0x11, 0x00, 0x00, 0x00, 0x00, 0x00, 0x00, 
  0x00, 0x00, 0x00, 0x58, 0xff, 0xff, 0x89, 0x00, 0x00, 0x00, 0x00, 0x00, 0x00, 0x00, 0x00, 0x08, 
  0xdf, 0xfa, 0xea, 0xf8, 0x21, 0x00, 0x00, 0x00, 0x00, 0x00, 0x00, 0x00, 0x7b, 0xff, 0x92, 0x63, 
  0xff, 0xab, 0x00, 0x00, 0x00, 0x00, 0x00, 0x00, 0x19, 0xf3, 0xf0, 0x14, 0x02, 0xd1, 0xff, 0x3d, 
  0x00, 0x00, 0x00, 0x00, 0x00, 0xa0, 0xff, 0x77, 0x00, 0x00, 0x45, 0xff, 0xcc, 0x01, 0x00, 0x00, 
  0x00, 0x34, 0xfe, 0xe1, 0x08, 0x00, 0x00, 0x00, 0xb7, 0xff, 0x5e, 0x00, 0x00, 0x02, 0xc7, 0xff, 
  0x5c, 0x00, 0x00, 0x00, 0x00, 0x2b, 0xfd, 0xe5, 0x0c, 0x00, 0x71, 0xff, 0xd0, 0x01, 0x00, 0x00, 
  0x00, 0x00, 0x00, 0xa6, 0xff, 0x89, 0x00, 0xd1, 0xff, 0x51, 0x00, 0x00, 0x00, 0x00, 0x00, 0x00, 
  0x2a, 0xf7, 0xf5, 0x10, 0x02, 0x22, 0x00, 0x00, 0x00, 0x00, 0x00, 0x00, 0x00, 0x00, 0x0d, 0x0a, 
  0x00, 0x5f, 0xc3, 0xc3, 0xc3, 0xc3, 0xc3, 0xc3, 0xc3, 0xc3, 0xc3, 0xc3, 0xc3, 0xc3, 0xc3, 0xc3, 
  0x65, 0x9c, 0xff, 0xff, 0xff, 0xff, 0xff, 0xff, 0xff, 0xff, 0xff, 0xff, 0xff, 0xff, 0xff, 0xff, 
  0xa4, 0x0b, 0x2f, 0x2f, 0x2f, 0x2f, 0x2f, 0x2f, 0x2f, 0x2f, 0x2f, 0x2f, 0x2f, 0x2f, 0x2f, 0x2f, 
  0x0c, 0x00, 0x3d, 0xbd, 0x3f, 0x00, 0x00, 0x00, 0x00, 0x1e, 0xf5, 0xff, 0xfc, 0x79, 0x01, 0x00, 
  0x00, 0x07, 0x72, 0xd6, 0xff, 0xff, 0xab, 0x08, 0x00, 0x00, 0x00, 0x00, 0x3a, 0xa1, 0xf9, 0xbc, 
  0x03, 0x00, 0x00, 0x00, 0x00, 0x00, 0x22, 0x8a, 0x09, 0x00, 0x00, 0x00, 0x00, 0x00, 0x0a, 0x59, 
  0x81, 0x76, 0x2b, 0x0f, 0x78, 0x44, 0x00, 0x00, 0x00, 0x00, 0x00, 0x54, 0xed, 0xff, 0xff, 0xff, 
  0xfc, 0x8b, 0xff, 0xff, 0x20, 0x00, 0x00, 0x00, 0x6f, 0xff, 0xfe, 0xa2, 0x59, 0x79, 0xf2, 0xfe, 
  0xff, 0xff, 0x13, 0x00, 0x00, 0x4b, 0xfe, 0xfb, 0x53, 0x00, 0x00, 0x00, 0x41, 0xfe, 0xff, 0xff, 
  0x03, 0x00, 0x0e, 0xe4, 0xff, 0x6c, 0x00, 0x00, 0x00, 0x00, 0x00, 0x46, 0xff, 0xf5, 0x00, 0x00, 
  0x78, 0xff, 0xc6, 0x01, 0x00, 0x00, 0x00, 0x00, 0x00, 0x42, 0xff, 0xeb, 0x00, 0x00, 0xdf, 0xff, 
  0x54, 0x00, 0x00, 0x00, 0x00, 0x00, 0x00, 0x53, 0xff, 0xe1, 0x00, 0x24, 0xff, 0xfb, 0x09, 0x00, 
  0x00, 0x00, 0x00, 0x00, 0x00, 0x65, 0xff, 0xd8, 0x00, 0x59, 0xff, 0xd1, 0x00, 0x00, 0x00, 0x00, 
  0x00, 0x00, 0x00, 0x86, 0xff, 0xd1, 0x00, 0x70, 0xff, 0xbb, 0x00, 0x00, 0x00, 0x00, 0x00, 0x00, 
  0x00, 0xc5, 0xff, 0xcc, 0x00, 0x7c, 0xff, 0xb3, 0x00, 0x00, 0x00, 0x00, 0x00, 0x00, 0x14, 0xf9, 
  0xff, 0xd2, 0x00, 0x6f, 0xff, 0xc2, 0x00, 0x00, 0x00, 0x00, 0x00, 0x00, 0x89, 0xff, 0xff, 0xe2, 
  0x00, 0x49, 0xff, 0xec, 0x01, 0x00, 0x00, 0x00, 0x00, 0x30, 0xf5, 0xeb, 0xff, 0xfd, 0x08, 0x0c, 
  0xf4, 0xff, 0x52, 0x00, 0x00, 0x00, 0x2d, 0xe8, 0xff, 0x49, 0xf7, 0xff, 0x41, 0x00, 0x86, 0xff, 
  0xf1, 0x7a, 0x67, 0x9f, 0xfb, 0xff, 0x83, 0x00, 0xc5, 0xff, 0xa1, 0x00, 0x05, 0xa7, 0xff, 0xff, 
  0xff, 0xff, 0xf5, 0x6c, 0x00, 0x00, 0x70, 0xff, 0xb1, 0x00, 0x00, 0x00, 0x3d, 0x81, 0x8d, 0x66, 
  0x14, 0x00, 0x00, 0x00, 0x04, 0x58, 0x0e, 0x08, 0xa4, 0x75, 0x04, 0x00, 0x00, 0x00, 0x00, 0x00, 
  0x00, 0x00, 0x00, 0x00, 0x00, 0x0f, 0xff, 0xff, 0x33, 0x00, 0x00, 0x00, 0x00, 0x00, 0x00, 0x00, 
  0x00, 0x00, 0x00, 0x0a, 0xff, 0xff, 0x2f, 0x00, 0x00, 0x00, 0x00, 0x00, 0x00, 0x00, 0x00, 0x00, 
  0x00, 0x07, 0xff, 0xff, 0x2a, 0x00, 0x00, 0x00, 0x00, 0x00, 0x00, 0x00, 0x00, 0x00, 0x00, 0x04, 
  0xff, 0xff, 0x27, 0x00, 0x00, 0x00, 0x00, 0x00, 0x00, 0x00, 0x00, 0x00, 0x00, 0x01, 0xff, 0xff, 
  0x25, 0x00, 0x00, 0x00, 0x00, 0x00, 0x00, 0x00, 0x00, 0x00, 0x00, 0x00, 0xff, 0xff, 0x23, 0x00, 
  0x00, 0x00, 0x00, 0x00, 0x00, 0x00, 0x00, 0x00, 0x00, 0x00, 0xff, 0xff, 0x21, 0x00, 0x00, 0x31, 
  0x6c, 0x84, 0x68, 0x1a, 0x00, 0x00, 0x00, 0x00, 0xfe, 0xff, 0x20, 0x15, 0xba, 0xff, 0xff, 0xff, 
  0xff, 0xf6, 0x63, 0x00, 0x00, 0x00, 0xfd, 0xff, 0x30, 0xdb, 0xff, 0xe4, 0x87, 0x6b, 0xba, 0xff, 
  0xfe, 0x49, 0x00, 0x00, 0xfd, 0xff, 0xc1, 0xff, 0xa8, 0x09, 0x00, 0x00, 0x01, 0xab, 0xff, 0xd3, 
  0x00, 0x00, 0xfc, 0xff, 0xff, 0xbe, 0x03, 0x00, 0x00, 0x00, 0x00, 0x24, 0xff, 0xff, 0x29, 0x00, 
  0xfd, 0xff, 0xfc, 0x23, 0x00, 0x00, 0x00, 0x00, 0x00, 0x00, 0xdf, 0xff, 0x59, 0x00, 0xfd, 0xff, 
  0xae, 0x00, 0x00, 0x00, 0x00, 0x00, 0x00, 0x00, 0xc4, 0xff, 0x6e, 0x00, 0xfd, 0xff, 0x63, 0x00, 
  0x00, 0x00, 0x00, 0x00, 0x00, 0x00, 0xbe, 0xff, 0x6e, 0x00, 0xfd, 0xff, 0x35, 0x00, 0x00, 0x00, 
  0x00, 0x00, 0x00, 0x00, 0xcf, 0xff, 0x56, 0x00, 0xfe, 0xff, 0x22, 0x00, 0x00, 0x00, 0x00, 0x00, 
  0x00, 0x03, 0xf5, 0xff, 0x3a, 0x00, 0xfe, 0xff, 0x17, 0x00, 0x00, 0x00, 0x00, 0x00, 0x00, 0x3c, 
  0xff, 0xef, 0x05, 0x00, 0xfe, 0xff, 0x12, 0x00, 0x00, 0x00, 0x00, 0x00, 0x00, 0xa7, 0xff, 0xa3, 
  0x00, 0x00, 0xff, 0xff, 0x30, 0x00, 0x00, 0x00, 0x00, 0x00, 0x46, 0xff, 0xfc, 0x2c, 0x00, 0x01, 
  0xff, 0xff, 0xed, 0x24, 0x00, 0x00, 0x00, 0x3f, 0xf2, 0xff, 0x91, 0x00, 0x00, 0x06, 0xff, 0xfe, 
  0xfc, 0xeb, 0x7a, 0x59, 0x9a, 0xfc, 0xff, 0xb0, 0x05, 0x00, 0x00, 0x06, 0xfb, 0xa4, 0x61, 0xf9, 
  0xff, 0xff, 0xff, 0xfb, 0x91, 0x06, 0x00, 0x00, 0x00, 0x00, 0x14, 0x00, 0x00, 0x1e, 0x71, 0x85, 
  0x67, 0x1d, 0x00, 0x00, 0x00, 0x00, 0x00, 0x00, 0x00, 0x00, 0x00, 0x00, 0x00, 0x25, 0x6d, 0x85, 
  0x6e, 0x25, 0x00, 0x00, 0x00, 0x00, 0x00, 0x00, 0x00, 0x13, 0xa8, 0xfe, 0xff, 0xff, 0xff, 0xfd, 
  0x81, 0x00, 0x00, 0x00, 0x00, 0x00, 0x20, 0xde, 0xff, 0xf0, 0x8c, 0x63, 0xa0, 0xfd, 0xff, 0x5a, 
  0x00, 0x00, 0x00, 0x0e, 0xde, 0xff, 0xce, 0x1d, 0x00, 0x00, 0x00, 0x7e, 0xff, 0x8a, 0x00, 0x00, 
  0x00, 0x9f, 0xff, 0xd9, 0x11, 0x00, 0x00, 0x00, 0x00, 0x0b, 0x89, 0x0d, 0x00, 0x00, 0x27, 0xfd, 
  0xfe, 0x36, 0x00, 0x00, 0x00, 0x00, 0x00, 0x00, 0x00, 0x00, 0x00, 0x00, 0x8f, 0xff, 0xb4, 0x00, 
  0x00, 0x00, 0x00, 0x00, 0x00, 0x00, 0x00, 0x00, 0x00, 0x00, 0xd5, 0xff, 0x5c, 0x00, 0x00, 0x00, 
  0x00, 0x00, 0x00, 0x00, 0x00, 0x00, 0x00, 0x03, 0xfd, 0xff, 0x27, 0x00, 0x00, 0x00, 0x00, 0x00, 
  0x00, 0x00, 0x00, 0x00, 0x00, 0x15, 0xff, 0xff, 0x15, 0x00, 0x00, 0x00, 0x00, 0x00, 0x00, 0x00, 
  0x00, 0x00, 0x00, 0x0a, 0xff, 0xff, 0x23, 0x00, 0x00, 0x00, 0x00, 0x00, 0x00, 0x00, 0x00, 0x00, 
  0x00, 0x00, 0xef, 0xff, 0x4d, 0x00, 0x00, 0x00, 0x00, 0x00, 0x00, 0x00, 0x02, 0x96, 0x5a, 0x00, 
  0xa8, 0xff, 0xa9, 0x00, 0x00, 0x00, 0x00, 0x00, 0x00, 0x03, 0xa2, 0xed, 0x10, 0x00, 0x42, 0xff, 
  0xff, 0x53, 0x00, 0x00, 0x00, 0x00, 0x22, 0xc4, 0xff, 0x5a, 0x00, 0x00, 0x00, 0x9a, 0xff, 0xfb, 
  0x94, 0x52, 0x67, 0xaa, 0xfa, 0xff, 0x79, 0x00, 0x00, 0x00, 0x00, 0x03, 0x8e, 0xfc, 0xff, 0xff, 
  0xff, 0xff, 0xe4, 0x50, 0x00, 0x00, 0x00, 0x00, 0x00, 0x00, 0x00, 0x20, 0x6e, 0x8b, 0x7b, 0x4c, 
  0x04, 0x00, 0x00, 0x00, 0x00, 0x00, 0x00, 0x00, 0x00, 0x00, 0x00, 0x00, 0x00, 0x00, 0x00, 0x21, 
  0xa6, 0x5b, 0x00, 0x00, 0x00, 0x00, 0x00, 0x00, 0x00, 0x00, 0x00, 0x00, 0x00, 0x3b, 0xff, 0xfe, 
  0x01, 0x00, 0x00, 0x00, 0x00, 0x00, 0x00, 0x00, 0x00, 0x00, 0x00, 0x34, 0xff, 0xfb, 0x00, 0x00, 
  0x00, 0x00, 0x00, 0x00, 0x00, 0x00, 0x00, 0x00, 0x00, 0x2f, 0xff, 0xf8, 0x00, 0x00, 0x00, 0x00, 
  0x00, 0x00, 0x00, 0x00, 0x00, 0x00, 0x00, 0x2a, 0xff, 0xf6, 0x00, 0x00, 0x00, 0x00, 0x00, 0x00, 
  0x00, 0x00, 0x00, 0x00, 0x00, 0x26, 0xff, 0xf6, 0x00, 0x00, 0x00, 0x00, 0x00, 0x00, 0x00, 0x00, 
  0x00, 0x00, 0x00, 0x23, 0xff, 0xf5, 0x00, 0x00, 0x00, 0x00, 0x00, 0x00, 0x0e, 0x5d, 0x82, 0x7a, 
  0x3c, 0x21, 0xff, 0xf5, 0x00, 0x00, 0x00, 0x00, 0x00, 0x6a, 0xf3, 0xff, 0xff, 0xff, 0xff, 0xb1, 
  0xff, 0xf4, 0x00, 0x00, 0x00, 0x00, 0x8c, 0xff, 0xf9, 0x98, 0x58, 0x6f, 0xe0, 0xff, 0xff, 0xf4, 
  0x00, 0x00, 0x00, 0x66, 0xff, 0xf2, 0x3b, 0x00, 0x00, 0x00, 0x13, 0xcb, 0xff, 0xf4, 0x00, 0x00, 
  0x1c, 0xf2, 0xff, 0x54, 0x00, 0x00, 0x00, 0x00, 0x00, 0x20, 0xff, 0xf4, 0x00, 0x00, 0x90, 0xff, 
  0xb8, 0x00, 0x00, 0x00, 0x00, 0x00, 0x00, 0x20, 0xff, 0xf4, 0x00, 0x05, 0xf0, 0xff, 0x43, 0x00, 
  0x00, 0x00, 0x00, 0x00, 0x00, 0x20, 0xff, 0xf4, 0x00, 0x3a, 0xff, 0xee, 0x01, 0x00, 0x00, 0x00, 
  0x00, 0x00, 0x00, 0x27, 0xff, 0xf4, 0x00, 0x6a, 0xff, 0xbb, 0x00, 0x00, 0x00, 0x00, 0x00, 0x00, 
  0x00, 0x3f, 0xff, 0xf4, 0x00, 0x7e, 0xff, 0xa3, 0x00, 0x00, 0x00, 0x00, 0x00, 0x00, 0x00, 0x7a, 
  0xff, 0xf4, 0x00, 0x81, 0xff, 0xa1, 0x00, 0x00, 0x00, 0x00, 0x00, 0x00, 0x01, 0xd6, 0xff, 0xf9, 
  0x00, 0x6f, 0xff, 0xb8, 0x00, 0x00, 0x00, 0x00, 0x00, 0x00, 0x61, 0xff, 0xff, 0xff, 0x09, 0x41, 
  0xff, 0xed, 0x04, 0x00, 0x00, 0x00, 0x00, 0x2d, 0xf2, 0xee, 0xff, 0xff, 0x2e, 0x05, 0xeb, 0xff, 
  0x6b, 0x00, 0x00, 0x00, 0x3b, 0xea, 0xff, 0x5b, 0xe1, 0xff, 0x6b, 0x00, 0x6e, 0xff, 0xfb, 0x8b, 
  0x63, 0xa3, 0xfc, 0xff, 0x9a, 0x00, 0xa1, 0xff, 0xcd, 0x00, 0x00, 0x8f, 0xff, 0xff, 0xff, 0xff, 
  0xf7, 0x82, 0x01, 0x00, 0x48, 0xff, 0xcb, 0x00, 0x00, 0x00, 0x32, 0x7d, 0x89, 0x66, 0x19, 0x00, 
  0x00, 0x00, 0x00, 0x4a, 0x13, 0x00, 0x00, 0x00, 0x00, 0x00, 0x00, 0x23, 0x6c, 0x84, 0x71, 0x3b, 
  0x00, 0x00, 0x00, 0x00, 0x00, 0x00, 0x00, 0x10, 0xa2, 0xfe, 0xff, 0xff, 0xff, 0xff, 0xc2, 0x15, 
  0x00, 0x00, 0x00, 0x00, 0x12, 0xcf, 0xff, 0xdd, 0x76, 0x54, 0x75, 0xe5, 0xff, 0xb5, 0x00, 0x00, 
  0x00, 0x02, 0xbc, 0xff, 0xb7, 0x0b, 0x00, 0x00, 0x00, 0x24, 0xf9, 0xff, 0x24, 0x00, 0x00, 0x6d, 
  0xff, 0xda, 0x0b, 0x00, 0x00, 0x00, 0x00, 0x00, 0xce, 0xff, 0x57, 0x00, 0x0d, 0xee, 0xff, 0x43, 
  0x00, 0x00, 0x00, 0x00, 0x00, 0x00, 0xc3, 0xff, 0x62, 0x00, 0x68, 0xff, 0xc6, 0x00, 0x00, 0x00, 
  0x00, 0x00, 0x00, 0x47, 0xf9, 0xff, 0x48, 0x07, 0xbb, 0xff, 0x79, 0x15, 0x1f, 0x39, 0x5e, 0x95, 
  0xd9, 0xff, 0xff, 0xc0, 0x06, 0x7a, 0xff, 0xff, 0xff, 0xff, 0xff, 0xff, 0xff, 0xff, 0xf9, 0xba, 
  0x58, 0x02, 0x00, 0x08, 0xfa, 0xff, 0xbf, 0xb1, 0xa6, 0x8c, 0x6c, 0x3d, 0x09, 0x00, 0x00, 0x00, 
  0x00, 0x00, 0xee, 0xff, 0x22, 0x00, 0x00, 0x00, 0x00, 0x00, 0x00, 0x00, 0x00, 0x00, 0x00, 0x00, 
  0xcf, 0xff, 0x43, 0x00, 0x00, 0x00, 0x00, 0x00, 0x00, 0x00, 0x00, 0x29, 0x33, 0x00, 0x96, 0xff, 
  0x8d, 0x00, 0x00, 0x00, 0x00, 0x00, 0x00, 0x00, 0x3b, 0xef, 0x45, 0x00, 0x32, 0xfd, 0xf5, 0x2b, 
  0x00, 0x00, 0x00, 0x00, 0x06, 0x77, 0xf6, 0xa9, 0x00, 0x00, 0x00, 0x94, 0xff, 0xee, 0x7b, 0x56, 
  0x6b, 0x9b, 0xea, 0xff, 0xae, 0x08, 0x00, 0x00, 0x00, 0x03, 0x99, 0xfe, 0xff, 0xff, 0xff, 0xff, 
  0xe9, 0x64, 0x00, 0x00, 0x00, 0x00, 0x00, 0x00, 0x00, 0x2d, 0x75, 0x8c, 0x79, 0x48, 0x05, 0x00, 
  0x00, 0x00, 0x00, 0x00, 0x00, 0x00, 0x00, 0x00, 0x00, 0x00, 0x26, 0x7e, 0xa1, 0x96, 0x5f, 0x09, 
  0x00, 0x00, 0x00, 0x00, 0x00, 0x00, 0x00, 0x75, 0xfb, 0xff, 0xff, 0xff, 0xff, 0xdc, 0x1a, 0x00, 
  0x00, 0x00, 0x00, 0x00, 0x32, 0xff, 0xff, 0x9d, 0x55, 0x6e, 0xd9, 0xff, 0x61, 0x00, 0x00, 0x00, 
  0x00, 0x00, 0x7c, 0xff, 0xbb, 0x00, 0x00, 0x00, 0x0f, 0xa2, 0x11, 0x00, 0x00, 0x00, 0x00, 0x00, 
  0x8f, 0xff, 0x8d, 0x00, 0x00, 0x00, 0x00, 0x00, 0x00, 0x00, 0x00, 0x00, 0x00, 0x00, 0x90, 0xff, 
  0x8c, 0x00, 0x00, 0x00, 0x00, 0x00, 0x00, 0x00, 0x00, 0x00, 0x00, 0x00, 0x90, 0xff, 0x8c, 0x00, 
  0x00, 0x00, 0x00, 0x00, 0x00, 0x06, 0x79, 0x79, 0x76, 0x74, 0xc2, 0xff, 0xc0, 0x74, 0x75, 0x79, 
  0x7f, 0x7d, 0x04, 0x23, 0xff, 0xff, 0xff, 0xff, 0xff, 0xff, 0xff, 0xff, 0xff, 0xff, 0xff, 0xff, 
  0x32, 0x01, 0x6e, 0x6a, 0x68, 0x68, 0xbd, 0xff, 0xbb, 0x69, 0x69, 0x6b, 0x70, 0x72, 0x0b, 0x00, 
  0x00, 0x00, 0x00, 0x00, 0x91, 0xff, 0x8c, 0x00, 0x00, 0x00, 0x00, 0x00, 0x00, 0x00, 0x00, 0x00, 
  0x00, 0x00, 0x91, 0xff, 0x8c, 0x00, 0x00, 0x00, 0x00, 0x00, 0x00, 0x00, 0x00, 0x00, 0x00, 0x00, 
  0x91, 0xff, 0x8c, 0x00, 0x00, 0x00, 0x00, 0x00, 0x00, 0x00, 0x00, 0x00, 0x00, 0x00, 0x91, 0xff, 
  0x8c, 0x00, 0x00, 0x00, 0x00, 0x00, 0x00, 0x00, 0x00, 0x00, 0x00, 0x00, 0x91, 0xff, 0x8c, 0x00, 
  0x00, 0x00, 0x00, 0x00, 0x00, 0x00, 0x00, 0x00, 0x00, 0x00, 0x92, 0xff, 0x8d, 0x00, 0x00, 0x00, 
  0x00, 0x00, 0x00, 0x00, 0x00, 0x00, 0x00, 0x00, 0x92, 0xff, 0x8d, 0x00, 0x00, 0x00, 0x00, 0x00, 
  0x00, 0x00, 0x00, 0x00, 0x00, 0x00, 0x93, 0xff, 0x8e, 0x00, 0x00, 0x00, 0x00, 0x00, 0x00, 0x00, 
  0x00, 0x00, 0x00, 0x00, 0x94, 0xff, 0x90, 0x00, 0x00, 0x00, 0x00, 0x00, 0x00, 0x00, 0x00, 0x00, 
  0x00, 0x00, 0x96, 0xff, 0x92, 0x00, 0x00, 0x00, 0x00, 0x00, 0x00, 0x00, 0x00, 0x00, 0x00, 0x00, 
  0x99, 0xff, 0x95, 0x00, 0x00, 0x00, 0x00, 0x00, 0x00, 0x00, 0x00, 0x00, 0x00, 0x00, 0xa0, 0xff, 
  0x9b, 0x00, 0x00, 0x00, 0x00, 0x00, 0x00, 0x00, 0x00, 0x00, 0x00, 0x00, 0x95, 0xff, 0xa7, 0x00, 
  0x00, 0x00, 0x00, 0x00, 0x00, 0x00, 0x00, 0x00, 0x00, 0x00, 0x05, 0x3f, 0x31, 0x00, 0x00, 0x00, 
  0x00, 0x00, 0x00, 0x00, 0x00, 0x00, 0x00, 0x00, 0x0e, 0x5c, 0x81, 0x7c, 0x49, 0x03, 0x55, 0x5e, 
  0x0a, 0x00, 0x00, 0x00, 0x00, 0x68, 0xf4, 0xff, 0xff, 0xff, 0xff, 0xc5, 0xbd, 0xff, 0x77, 0x00, 
  0x00, 0x00, 0x84, 0xff, 0xfb, 0xa2, 0x64, 0x70, 0xce, 0xff, 0xfe, 0xff, 0x76, 0x00, 0x00, 0x55, 
  0xff, 0xf6, 0x41, 0x00, 0x00, 0x00, 0x04, 0x9f, 0xf1, 0xff, 0x70, 0x00, 0x0e, 0xe8, 0xff, 0x61, 
  0x00, 0x00, 0x00, 0x00, 0x00, 0x00, 0xa6, 0xff, 0x6c, 0x00, 0x72, 0xff, 0xcb, 0x01, 0x00, 0x00, 
  0x00, 0x00, 0x00, 0x00, 0xa7, 0xff, 0x69, 0x00, 0xcf, 0xff, 0x60, 0x00, 0x00, 0x00, 0x00, 0x00, 
  0x00, 0x00, 0xac, 0xff, 0x66, 0x0f, 0xfe, 0xff, 0x1a, 0x00, 0x00, 0x00, 0x00, 0x00, 0x00, 0x00, 
  0xb5, 0xff, 0x64, 0x2c, 0xff, 0xf5, 0x00, 0x00, 0x00, 0x00, 0x00, 0x00, 0x00, 0x00, 0xc9, 0xff, 
  0x62, 0x37, 0xff, 0xeb, 0x00, 0x00, 0x00, 0x00, 0x00, 0x00, 0x00, 0x0d, 0xf9, 0xff, 0x61, 0x29, 
  0xff, 0xf8, 0x01, 0x00, 0x00, 0x00, 0x00, 0x00, 0x00, 0x65, 0xff, 0xff, 0x60, 0x07, 0xfa, 0xff, 
  0x22, 0x00, 0x00, 0x00, 0x00, 0x00, 0x17, 0xe6, 0xff, 0xff, 0x60, 0x00, 0xb9, 0xff, 0x7e, 0x00, 
  0x00, 0x00, 0x00, 0x22, 0xd1, 0xff, 0xec, 0xff, 0x60, 0x00, 0x43, 0xff, 0xfb, 0x78, 0x2d, 0x3d, 
  0x8c, 0xf5, 0xff, 0x93, 0xb0, 0xff, 0x60, 0x00, 0x00, 0x7a, 0xfe, 0xff, 0xff, 0xff, 0xff, 0xfc, 
  0x7d, 0x02, 0xb5, 0xff, 0x5a, 0x00, 0x00, 0x00, 0x38, 0x9a, 0xbf, 0xb0, 0x7f, 0x1e, 0x00, 0x00, 
  0xd1, 0xff, 0x41, 0x00, 0x00, 0x09, 0x00, 0x00, 0x00, 0x00, 0x00, 0x00, 0x00, 0x1d, 0xfc, 0xff, 
  0x1e, 0x00, 0xad, 0xda, 0x03, 0x00, 0x00, 0x00, 0x00, 0x00, 0x00, 0x9f, 0xff, 0xc4, 0x00, 0x10, 
  0xfa, 0xff, 0x73, 0x00, 0x00, 0x00, 0x00, 0x03, 0x88, 0xff, 0xfe, 0x47, 0x00, 0x00, 0x76, 0xff, 
  0xfe, 0xae, 0x6e, 0x65, 0x86, 0xdc, 0xff, 0xff, 0x79, 0x00, 0x00, 0x00, 0x00, 0x73, 0xf8, 0xff, 
  0xff, 0xff, 0xff, 0xff, 0xde, 0x49, 0x00, 0x00, 0x00, 0x00, 0x00, 0x00, 0x11, 0x61, 0x85, 0x8e, 
  0x74, 0x3e, 0x01, 0x00, 0x00, 0x00, 0x00, 0x7f, 0x74, 0x08, 0x00, 0x00, 0x00, 0x00, 0x00, 0x00, 
  0x00, 0x00, 0x00, 0x00, 0xe1, 0xff, 0x57, 0x00, 0x00, 0x00, 0x00, 0x00, 0x00, 0x00, 0x00, 0x00, 
  0x00, 0xdc, 0xff, 0x57, 0x00, 0x00, 0x00, 0x00, 0x00, 0x00, 0x00, 0x00, 0x00, 0x00, 0xd8, 0xff, 
  0x54, 0x00, 0x00, 0x00, 0x00, 0x00, 0x00, 0x00, 0x00, 0x00, 0x00, 0xd7, 0xff, 0x50, 0x00, 0x00, 
  0x00, 0x00, 0x00, 0x00, 0x00, 0x00, 0x00, 0x00, 0xd6, 0xff, 0x4d, 0x00, 0x00, 0x00, 0x00, 0x00, 
  0x00, 0x00, 0x00, 0x00, 0x00, 0xd6, 0xff, 0x4b, 0x00, 0x00, 0x00, 0x00, 0x00, 0x00, 0x00, 0x00, 
  0x00, 0x00, 0xd5, 0xff, 0x4a, 0x00, 0x00, 0x13, 0x59, 0x7a, 0x6c, 0x26, 0x00, 0x00, 0x00, 0xd5, 
  0xff, 0x49, 0x06, 0x8c, 0xf6, 0xff, 0xff, 0xff, 0xfe, 0x7c, 0x00, 0x00, 0xd5, 0xff, 0x51, 0xc5, 
  0xff, 0xef, 0xa1, 0x7f, 0xa7, 0xff, 0xff, 0x3f, 0x00, 0xd5, 0xff, 0xd8, 0xff, 0xb3, 0x12, 0x00, 
  0x00, 0x00, 0x9d, 0xff, 0x9a, 0x00, 0xd5, 0xff, 0xff, 0xc9, 0x05, 0x00, 0x00, 0x00, 0x00, 0x4a, 
  0xff, 0xd9, 0x00, 0xd5, 0xff, 0xff, 0x39, 0x00, 0x00, 0x00, 0x00, 0x00, 0x24, 0xff, 0xef, 0x00, 
  0xd5, 0xff, 0xd7, 0x00, 0x00, 0x00, 0x00, 0x00, 0x00, 0x13, 0xff, 0xfe, 0x02, 0xd5, 0xff, 0x9a, 
  0x00, 0x00, 0x00, 0x00, 0x00, 0x00, 0x10, 0xff, 0xff, 0x04, 0xd5, 0xff, 0x79, 0x00, 0x00, 0x00, 
  0x00, 0x00, 0x00, 0x10, 0xff, 0xff, 0x04, 0xd5, 0xff, 0x64, 0x00, 0x00, 0x00, 0x00, 0x00, 0x00, 
  0x10, 0xff, 0xff, 0x04, 0xd5, 0xff, 0x55, 0x00, 0x00, 0x00, 0x00, 0x00, 0x00, 0x10, 0xff, 0xff, 
  0x04, 0xd5, 0xff, 0x4d, 0x00, 0x00, 0x00, 0x00, 0x00, 0x00, 0x10, 0xff, 0xff, 0x05, 0xd5, 0xff, 
  0x49, 0x00, 0x00, 0x00, 0x00, 0x00, 0x00, 0x10, 0xff, 0xff, 0x07, 0xd5, 0xff, 0x4b, 0x00, 0x00, 
  0x00, 0x00, 0x00, 0x00, 0x12, 0xff, 0xff, 0x0b, 0xd9, 0xff, 0x52, 0x00, 0x00, 0x00, 0x00, 0x00, 
  0x00, 0x19, 0xff, 0xff, 0x12, 0xc8, 0xff, 0x5b, 0x00, 0x00, 0x00, 0x00, 0x00, 0x00, 0x13, 0xf9, 
  0xff, 0x18, 0x0e, 0x4a, 0x16, 0x00, 0x00, 0x00, 0x00, 0x00, 0x00, 0x00, 0x1d, 0x4f, 0x03, 0x00, 
  0x00, 0x00, 0x00, 0x00, 0x39, 0x2a, 0x00, 0x00, 0x00, 0x00, 0x00, 0x00, 0x00, 0x00, 0x00, 0x55, 
  0xff, 0xf7, 0x2b, 0x00, 0x00, 0x00, 0x00, 0x00, 0x00, 0x00, 0x00, 0x77, 0xff, 0xff, 0x7b, 0x00, 
  0x00, 0x00, 0x00, 0x00, 0x00, 0x00, 0x00, 0x1a, 0xe5, 0xf5, 0x39, 0x00, 0x00, 0x00, 0x00, 0x00, 
  0x00, 0x00, 0x00, 0x00, 0x07, 0x0b, 0x00, 0x00, 0x00, 0x00, 0x00, 0x00, 0x00, 0x00, 0x00, 0x00, 
  0x00, 0x00, 0x00, 0x00, 0x00, 0x00, 0x00, 0x00, 0x00, 0x00, 0x00, 0x00, 0x00, 0x00, 0x00, 0x00, 
  0x00, 0x00, 0x00, 0x08, 0xa7, 0x8b, 0x87, 0x96, 0xba, 0xa1, 0x03, 0x00, 0x00, 0x00, 0x00, 0x04, 
  0xf0, 0xff, 0xff, 0xff, 0xff, 0xff, 0x51, 0x00, 0x00, 0x00, 0x00, 0x00, 0x47, 0x82, 0x7a, 0x6f, 
  0xff, 0xff, 0x41, 0x00, 0x00, 0x00, 0x00, 0x00, 0x00, 0x00, 0x00, 0x11, 0xff, 0xff, 0x38, 0x00, 
  0x00, 0x00, 0x00, 0x00, 0x00, 0x00, 0x00, 0x11, 0xff, 0xff, 0x38, 0x00, 0x00, 0x00, 0x00, 0x00, 
  0x00, 0x00, 0x00, 0x11, 0xff, 0xff, 0x38, 0x00, 0x00, 0x00, 0x00, 0x00, 0x00, 0x00, 0x00, 0x11, 
  0xff, 0xff, 0x38, 0x00, 0x00, 0x00, 0x00, 0x00, 0x00, 0x00, 0x00, 0x12, 0xff, 0xff, 0x38, 0x00, 
  0x00, 0x00, 0x00, 0x00, 0x00, 0x00, 0x00, 0x12, 0xff, 0xff, 0x38, 0x00, 0x00, 0x00, 0x00, 0x00, 
  0x00, 0x00, 0x00, 0x12, 0xff, 0xff, 0x39, 0x00, 0x00, 0x00, 0x00, 0x00, 0x00, 0x00, 0x00, 0x12, 
  0xff, 0xff, 0x39, 0x00, 0x00, 0x00, 0x00, 0x00, 0x00, 0x00, 0x00, 0x14, 0xff, 0xff, 0x3a, 0x00, 
  0x00, 0x00, 0x00, 0x00, 0x00, 0x00, 0x00, 0x15, 0xff, 0xff, 0x3c, 0x00, 0x00, 0x00, 0x00, 0x00, 
  0x00, 0x00, 0x00, 0x19, 0xff, 0xff, 0x47, 0x0c, 0x0d, 0x0d, 0x00, 0x94, 0xfe, 0xfc, 0xff, 0xff, 
  0xff, 0xff, 0xff, 0xff, 0xff, 0xff, 0x62, 0x62, 0xff, 0xff, 0xff, 0xfe, 0xfb, 0xf9, 0xf8, 0xfa, 
  0xff, 0xff, 0xaf, 0x00, 0x24, 0x13, 0x04, 0x00, 0x00, 0x00, 0x00, 0x00, 0x01, 0x10, 0x12, 0x00, 
  0x00, 0x00, 0x00, 0x00, 0x00, 0x00, 0x00, 0x00, 0x1c, 0x46, 0x02, 0x00, 0x00, 0x00, 0x00, 0x00, 
  0x00, 0x00, 0x00, 0x08, 0xea, 0xff, 0x82, 0x00, 0x00, 0x00, 0x00, 0x00, 0x00, 0x00, 0x00, 0x14, 
  0xff, 0xff, 0xd7, 0x00, 0x00, 0x00, 0x00, 0x00, 0x00, 0x00, 0x00, 0x00, 0x9b, 0xff, 0x8e, 0x00, 
  0x00, 0x00, 0x00, 0x00, 0x00, 0x00, 0x00, 0x00, 0x00, 0x12, 0x00, 0x00, 0x00, 0x00, 0x00, 0x00, 
  0x00, 0x00, 0x00, 0x00, 0x00, 0x00, 0x00, 0x00, 0x00, 0x00, 0x00, 0x00, 0x00, 0x00, 0x00, 0x00, 
  0x00, 0x00, 0x00, 0x00, 0x00, 0x00, 0x20, 0xa9, 0x8d, 0x85, 0x87, 0x91, 0xa6, 0xc4, 0x3d, 0x00, 
  0x00, 0x00, 0x21, 0xff, 0xff, 0xff, 0xff, 0xff, 0xff, 0xff, 0xbf, 0x00, 0x00, 0x00, 0x00, 0x66, 
  0x82, 0x7f, 0x74, 0x66, 0xa3, 0xff, 0xb3, 0x00, 0x00, 0x00, 0x00, 0x00, 0x00, 0x00, 0x00, 0x00, 
  0x70, 0xff, 0xaa, 0x00, 0x00, 0x00, 0x00, 0x00, 0x00, 0x00, 0x00, 0x00, 0x70, 0xff, 0xa9, 0x00, 
  0x00, 0x00, 0x00, 0x00, 0x00, 0x00, 0x00, 0x00, 0x70, 0xff, 0xa7, 0x00, 0x00, 0x00, 0x00, 0x00, 
  0x00, 0x00, 0x00, 0x00, 0x70, 0xff, 0xa6, 0x00, 0x00, 0x00, 0x00, 0x00, 0x00, 0x00, 0x00, 0x00, 
  0x70, 0xff, 0xa5, 0x00, 0x00, 0x00, 0x00, 0x00, 0x00, 0x00, 0x00, 0x00, 0x70, 0xff, 0xa3, 0x00, 
  0x00, 0x00, 0x00, 0x00, 0x00, 0x00, 0x00, 0x00, 0x70, 0xff, 0xa2, 0x00, 0x00, 0x00, 0x00, 0x00, 
  0x00, 0x00, 0x00, 0x00, 0x70, 0xff, 0xa1, 0x00, 0x00, 0x00, 0x00, 0x00, 0x00, 0x00, 0x00, 0x00, 
  0x70, 0xff, 0x9f, 0x00, 0x00, 0x00, 0x00, 0x00, 0x00, 0x00, 0x00, 0x00, 0x70, 0xff, 0x9e, 0x00, 
  0x00, 0x00, 0x00, 0x00, 0x00, 0x00, 0x00, 0x00, 0x70, 0xff, 0x9c, 0x00, 0x00, 0x00, 0x00, 0x00, 
  0x00, 0x00, 0x00, 0x00, 0x74, 0xff, 0x97, 0x00, 0x00, 0x00, 0x00, 0x00, 0x00, 0x00, 0x00, 0x00, 
  0x8a, 0xff, 0x81, 0x00, 0x04, 0x07, 0x00, 0x00, 0x00, 0x00, 0x00, 0x00, 0xc3, 0xff, 0x61, 0x07, 
  0xd2, 0xb8, 0x00, 0x00, 0x00, 0x00, 0x00, 0x2f, 0xfd, 0xfc, 0x15, 0x2c, 0xff, 0xfe, 0x37, 0x00, 
  0x00, 0x00, 0x19, 0xd5, 0xff, 0xa3, 0x00, 0x00, 0xa9, 0xff, 0xec, 0x82, 0x64, 0x8a, 0xec, 0xff, 
  0xde, 0x12, 0x00, 0x00, 0x0b, 0xb2, 0xff, 0xff, 0xff, 0xff, 0xff, 0xb8, 0x15, 0x00, 0x00, 0x00, 
  0x00, 0x00, 0x39, 0x7b, 0x8f, 0x74, 0x30, 0x00, 0x00, 0x00, 0x00, 0x4b, 0x8e, 0x29, 0x00, 0x00, 
  0x00, 0x00, 0x00, 0x00, 0x00, 0x00, 0x00, 0x00, 0x8a, 0xff, 0xb5, 0x00, 0x00, 0x00, 0x00, 0x00, 
  0x00, 0x00, 0x00, 0x00, 0x00, 0x82, 0xff, 0xb1, 0x00, 0x00, 0x00, 0x00, 0x00, 0x00, 0x00, 0x00, 
  0x00, 0x00, 0x7c, 0xff, 0xab, 0x00, 0x00, 0x00, 0x00, 0x00, 0x00, 0x00, 0x00, 0x00, 0x00, 0x7b, 
  0xff, 0xa7, 0x00, 0x00, 0x00, 0x00, 0x00, 0x00, 0x00, 0x00, 0x00, 0x00, 0x7a, 0xff, 0xa4, 0x00, 
  0x00, 0x00, 0x00, 0x00, 0x00, 0x00, 0x00, 0x00, 0x00, 0x7a, 0xff, 0xa1, 0x00, 0x00, 0x00, 0x00, 
  0x00, 0x00, 0x00, 0x00, 0x00, 0x00, 0x79, 0xff, 0x9f, 0x00, 0x00, 0x00, 0x00, 0x00, 0x0c, 0x6a, 
  0x36, 0x00, 0x00, 0x79, 0xff, 0x9e, 0x00, 0x00, 0x00, 0x00, 0x0f, 0xc1, 0xff, 0xfd, 0x31, 0x00, 
  0x79, 0xff, 0x9c, 0x00, 0x00, 0x00, 0x30, 0xdc, 0xff, 0xdd, 0x3c, 0x00, 0x00, 0x79, 0xff, 0x9c, 
  0x00, 0x00, 0x63, 0xf7, 0xff, 0xad, 0x0f, 0x00, 0x00, 0x00, 0x79, 0xff, 0x9c, 0x09, 0x9e, 0xff, 
  0xfb, 0x73, 0x00, 0x00, 0x00, 0x00, 0x00, 0x79, 0xff, 0xbc, 0xd1, 0xff, 0xe6, 0x3c, 0x00, 0x00, 
  0x00, 0x00, 0x00, 0x00, 0x79, 0xff, 0xff, 0xff, 0xe8, 0x18, 0x00, 0x00, 0x00, 0x00, 0x00, 0x00, 
  0x00, 0x79, 0xff, 0xff, 0xf6, 0xff, 0x7a, 0x00, 0x00, 0x00, 0x00, 0x00, 0x00, 0x00, 0x79, 0xff, 
  0xa2, 0x3d, 0xf8, 0xff, 0x5b, 0x00, 0x00, 0x00, 0x00, 0x00, 0x00, 0x79, 0xff, 0x9c, 0x00, 0x58, 
  0xff, 0xf9, 0x3e, 0x00, 0x00, 0x00, 0x00, 0x00, 0x79, 0xff, 0x9c, 0x00, 0x00, 0x81, 0xff, 0xed, 
  0x26, 0x00, 0x00, 0x00, 0x00, 0x79, 0xff, 0x9d, 0x00, 0x00, 0x01, 0xaa, 0xff, 0xdc, 0x14, 0x00, 
  0x00, 0x00, 0x79, 0xff, 0xa0, 0x00, 0x00, 0x00, 0x0a, 0xcd, 0xff, 0xc5, 0x08, 0x00, 0x00, 0x79, 
  0xff, 0xa9, 0x00, 0x00, 0x00, 0x00, 0x1c, 0xe6, 0xff, 0xa9, 0x02, 0x00, 0x81, 0xff, 0xb3, 0x00, 
  0x00, 0x00, 0x00, 0x00, 0x36, 0xf6, 0xff, 0xbd, 0x17, 0x70, 0xff, 0xbe, 0x00, 0x00, 0x00, 0x00, 
  0x00, 0x00, 0x47, 0xf6, 0xff, 0x8b, 0x00, 0x2d, 0x2f, 0x00, 0x00, 0x00, 0x00, 0x00, 0x00, 0x00, 
  0x2f, 0x4f, 0x01, 0x26, 0xa6, 0x8c, 0x90, 0x9c, 0xbe, 0xa9, 0x05, 0x00, 0x00, 0x00, 0x00, 0x00, 
  0x00, 0x1e, 0xfe, 0xff, 0xff, 0xff, 0xff, 0xff, 0x53, 0x00, 0x00, 0x00, 0x00, 0x00, 0x00, 0x00, 
  0x59, 0x7d, 0x75, 0x5d, 0xfd, 0xff, 0x45, 0x00, 0x00, 0x00, 0x00, 0x00, 0x00, 0x00, 0x00, 0x00, 
  0x00, 0x00, 0xfc, 0xff, 0x3e, 0x00, 0x00, 0x00, 0x00, 0x00, 0x00, 0x00, 0x00, 0x00, 0x00, 0x00, 
  0xfb, 0xff, 0x3a, 0x00, 0x00, 0x00, 0x00, 0x00, 0x00, 0x00, 0x00, 0x00, 0x00, 0x00, 0xfb, 0xff, 
  0x38, 0x00, 0x00, 0x00, 0x00, 0x00, 0x00, 0x00, 0x00, 0x00, 0x00, 0x00, 0xfa, 0xff, 0x36, 0x00, 
  0x00, 0x00, 0x00, 0x00, 0x00, 0x00, 0x00, 0x00, 0x00, 0x00, 0xfa, 0xff, 0x35, 0x00, 0x00, 0x00, 
  0x00, 0x00, 0x00, 0x00, 0x00, 0x00, 0x00, 0x00, 0xf9, 0xff, 0x33, 0x00, 0x00, 0x00, 0x00, 0x00, 
  0x00, 0x00, 0x00, 0x00, 0x00, 0x00, 0xf9, 0xff, 0x32, 0x00, 0x00, 0x00, 0x00, 0x00, 0x00, 0x00, 
  0x00, 0x00, 0x00, 0x00, 0xf8, 0xff, 0x31, 0x00, 0x00, 0x00, 0x00, 0x00, 0x00, 0x00, 0x00, 0x00, 
  0x00, 0x00, 0xf8, 0xff, 0x30, 0x00, 0x00, 0x00, 0x00, 0x00, 0x00, 0x00, 0x00, 0x00, 0x00, 0x00, 
  0xf8, 0xff, 0x30, 0x00, 0x00, 0x00, 0x00, 0x00, 0x00, 0x00, 0x00, 0x00, 0x00, 0x00, 0xf7, 0xff, 
  0x30, 0x00, 0x00, 0x00, 0x00, 0x00, 0x00, 0x00, 0x00, 0x00, 0x00, 0x00, 0xf7, 0xff, 0x30, 0x00, 
  0x00, 0x00, 0x00, 0x00, 0x00, 0x00, 0x00, 0x00, 0x00, 0x00, 0xf6, 0xff, 0x30, 0x00, 0x00, 0x00, 
  0x00, 0x00, 0x00, 0x00, 0x00, 0x00, 0x00, 0x00, 0xf6, 0xff, 0x30, 0x00, 0x00, 0x00, 0x00, 0x00, 
  0x00, 0x00, 0x00, 0x00, 0x00, 0x00, 0xf5, 0xff, 0x30, 0x00, 0x00, 0x00, 0x00, 0x00, 0x00, 0x00, 
  0x00, 0x00, 0x00, 0x00, 0xf5, 0xff, 0x30, 0x00, 0x00, 0x00, 0x00, 0x00, 0x00, 0x00, 0x00, 0x00, 
  0x00, 0x00, 0xf2, 0xff, 0x31, 0x00, 0x00, 0x00, 0x00, 0x16, 0x00, 0x00, 0x00, 0x00, 0x00, 0x00, 
  0xe4, 0xff, 0x42, 0x00, 0x00, 0x0a, 0x7d, 0xe2, 0x05, 0x00, 0x00, 0x00, 0x00, 0x00, 0xb4, 0xff, 
  0xca, 0x7f, 0x9e, 0xed, 0xf8, 0x46, 0x00, 0x00, 0x00, 0x00, 0x00, 0x00, 0x3f, 0xf6, 0xff, 0xff, 
  0xff, 0xd8, 0x39, 0x00, 0x00, 0x00, 0x00, 0x00, 0x00, 0x00, 0x00, 0x2a, 0x76, 0x89, 0x4e, 0x03, 
  0x00, 0x00, 0x00, 0x4f, 0x3a, 0x00, 0x36, 0x85, 0x68, 0x06, 0x00, 0x05, 0x67, 0x89, 0x4d, 0x00, 
  0x00, 0xdc, 0xff, 0x82, 0xfc, 0xff, 0xff, 0xb8, 0x03, 0xb8, 0xff, 0xff, 0xff, 0x87, 0x00, 0xd4, 
  0xff, 0xfd, 0xf6, 0x9a, 0xf3, 0xff, 0xa3, 0xff, 0xd2, 0xa2, 0xff, 0xfd, 0x21, 0xcd, 0xff, 0xff, 
  0x69, 0x00, 0x77, 0xff, 0xff, 0xf3, 0x16, 0x00, 0xb3, 0xff, 0x70, 0xcb, 0xff, 0xf3, 0x09, 0x00, 
  0x35, 0xff, 0xff, 0xa1, 0x00, 0x00, 0x7b, 0xff, 0x9e, 0xca, 0xff, 0xb9, 0x00, 0x00, 0x1a, 0xff, 
  0xff, 0x56, 0x00, 0x00, 0x61, 0xff, 0xb6, 0xc9, 0xff, 0x80, 0x00, 0x00, 0x11, 0xff, 0xff, 0x2d, 
  0x00, 0x00, 0x56, 0xff, 0xbe, 0xc9, 0xff, 0x66, 0x00, 0x00, 0x11, 0xff, 0xff, 0x0d, 0x00, 0x00, 
  0x55, 0xff, 0xc0, 0xc9, 0xff, 0x56, 0x00, 0x00, 0x11, 0xff, 0xff, 0x01, 0x00, 0x00, 0x55, 0xff, 
  0xc0, 0xc9, 0xff, 0x4c, 0x00, 0x00, 0x11, 0xff, 0xfd, 0x00, 0x00, 0x00, 0x55, 0xff, 0xc0, 0xc9, 
  0xff, 0x4c, 0x00, 0x00, 0x12, 0xff, 0xfc, 0x00, 0x00, 0x00, 0x56, 0xff, 0xc0, 0xc9, 0xff, 0x4d, 
  0x00, 0x00, 0x13, 0xff, 0xfc, 0x00, 0x00, 0x00, 0x57, 0xff, 0xc1, 0xc9, 0xff, 0x4f, 0x00, 0x00, 
  0x15, 0xff, 0xff, 0x02, 0x00, 0x00, 0x59, 0xff, 0xc3, 0xca, 0xff, 0x53, 0x00, 0x00, 0x17, 0xff, 
  0xff, 0x08, 0x00, 0x00, 0x5b, 0xff, 0xc8, 0xd1, 0xff, 0x5b, 0x00, 0x00, 0x1b, 0xff, 0xff, 0x0e, 
  0x00, 0x00, 0x5f, 0xff, 0xd0, 0xc2, 0xff, 0x61, 0x00, 0x00, 0x12, 0xf8, 0xff, 0x14, 0x00, 0x00, 
  0x4f, 0xff, 0xd6, 0x0e, 0x50, 0x16, 0x00, 0x00, 0x00, 0x22, 0x50, 0x01, 0x00, 0x00, 0x00, 0x37, 
  0x3d, 0x50, 0x33, 0x00, 0x00, 0x00, 0x18, 0x5c, 0x7b, 0x6a, 0x22, 0x00, 0x00, 0x00, 0xf0, 0xff, 
  0x37, 0x0a, 0x98, 0xf9, 0xff, 0xff, 0xff, 0xfd, 0x71, 0x00, 0x00, 0xe6, 0xff, 0x4f, 0xd2, 0xff, 
  0xec, 0x9d, 0x7f, 0xaf, 0xff, 0xfd, 0x32, 0x00, 0xdc, 0xff, 0xda, 0xff, 0xa7, 0x0e, 0x00, 0x00, 
  0x00, 0xad, 0xff, 0x8a, 0x00, 0xdc, 0xff, 0xff, 0xbc, 0x02, 0x00, 0x00, 0x00, 0x00, 0x5a, 0xff, 
  0xc9, 0x00, 0xdc, 0xff, 0xff, 0x2a, 0x00, 0x00, 0x00, 0x00, 0x00, 0x34, 0xff, 0xdf, 0x00, 0xdc, 
  0xff, 0xc7, 0x00, 0x00, 0x00, 0x00, 0x00, 0x00, 0x23, 0xff, 0xf1, 0x00, 0xdc, 0xff, 0x8a, 0x00, 
  0x00, 0x00, 0x00, 0x00, 0x00, 0x20, 0xff, 0xf4, 0x00, 0xdc, 0xff, 0x69, 0x00, 0x00, 0x00, 0x00, 
  0x00, 0x00, 0x20, 0xff, 0xf4, 0x00, 0xdc, 0xff, 0x55, 0x00, 0x00, 0x00, 0x00, 0x00, 0x00, 0x20, 
  0xff, 0xf4, 0x00, 0xdc, 0xff, 0x4a, 0x00, 0x00, 0x00, 0x00, 0x00, 0x00, 0x20, 0xff, 0xf4, 0x00, 
  0xdc, 0xff, 0x43, 0x00, 0x00, 0x00, 0x00, 0x00, 0x00, 0x20, 0xff, 0xf5, 0x00, 0xdc, 0xff, 0x40, 
  0x00, 0x00, 0x00, 0x00, 0x00, 0x00, 0x20, 0xff, 0xf7, 0x00, 0xdf, 0xff, 0x40, 0x00, 0x00, 0x00, 
  0x00, 0x00, 0x00, 0x21, 0xff, 0xfc, 0x00, 0xe7, 0xff, 0x44, 0x00, 0x00, 0x00, 0x00, 0x00, 0x00, 
  0x27, 0xff, 0xff, 0x04, 0xd8, 0xff, 0x4b, 0x00, 0x00, 0x00, 0x00, 0x00, 0x00, 0x1f, 0xfc, 0xff, 
  0x09, 0x10, 0x4c, 0x12, 0x00, 0x00, 0x00, 0x00, 0x00, 0x00, 0x00, 0x21, 0x4e, 0x01, 0x00, 0x00, 
  0x00, 0x00, 0x00, 0x0f, 0x5d, 0x83, 0x73, 0x40, 0x00, 0x00, 0x00, 0x00, 0x00, 0x00, 0x00, 0x44, 
  0x80, 0xf0, 0xff, 0xff, 0xff, 0xff, 0xc7, 0x19, 0x00, 0x00, 0x00, 0x00, 0x3d, 0xfb, 0xff, 0xf3, 
  0x97, 0x69, 0x7e, 0xde, 0xff, 0xd9, 0x0c, 0x00, 0x00, 0x06, 0xdb, 0xff, 0xd8, 0x22, 0x00, 0x00, 
  0x00, 0x0d, 0xcf, 0xff, 0x8a, 0x00, 0x00, 0x61, 0xff, 0xf3, 0x24, 0x00, 0x00, 0x00, 0x00, 0x00, 
  0x3d, 0xff, 0xf5, 0x06, 0x00, 0xc8, 0xff, 0x7b, 0x00, 0x00, 0x00, 0x00, 0x00, 0x00, 0x00, 0xe3, 
  0xff, 0x40, 0x2a, 0xff, 0xf8, 0x12, 0x00, 0x00, 0x00, 0x00, 0x00, 0x00, 0x00, 0xb2, 0xff, 0x67, 
  0x6b, 0xff, 0xbe, 0x00, 0x00, 0x00, 0x00, 0x00, 0x00, 0x00, 0x00, 0x9c, 0xff, 0x7b, 0x90, 0xff, 
  0x93, 0x00, 0x00, 0x00, 0x00, 0x00, 0x00, 0x00, 0x00, 0x9d, 0xff, 0x81, 0x9c, 0xff, 0x87, 0x00, 
  0x00, 0x00, 0x00, 0x00, 0x00, 0x00, 0x00, 0xb5, 0xff, 0x6c, 0x8e, 0xff, 0x95, 0x00, 0x00, 0x00, 
  0x00, 0x00, 0x00, 0x00, 0x03, 0xeb, 0xff, 0x3b, 0x68, 0xff, 0xc1, 0x00, 0x00, 0x00, 0x00, 0x00, 
  0x00, 0x00, 0x4a, 0xff, 0xeb, 0x06, 0x26, 0xff, 0xfc, 0x1d, 0x00, 0x00, 0x00, 0x00, 0x00, 0x05, 
  0xd4, 0xff, 0x89, 0x00, 0x00, 0xb9, 0xff, 0xbc, 0x09, 0x00, 0x00, 0x00, 0x07, 0xac, 0xff, 0xed, 
  0x11, 0x00, 0x00, 0x23, 0xee, 0xff, 0xdf, 0x83, 0x67, 0x85, 0xe2, 0xff, 0xf8, 0x40, 0x00, 0x00, 
  0x00, 0x00, 0x2e, 0xd3, 0xff, 0xff, 0xff, 0xff, 0xff, 0xda, 0x39, 0x00, 0x00, 0x00, 0x00, 0x00, 
  0x00, 0x03, 0x42, 0x7c, 0x8e, 0x7a, 0x44, 0x02, 0x00, 0x00, 0x00, 0x00, 0x5b, 0x3d, 0x00, 0x00, 
  0x00, 0x29, 0x69, 0x84, 0x6d, 0x21, 0x00, 0x00, 0x00, 0xf7, 0xff, 0x4b, 0x0d, 0xac, 0xfe, 0xff, 
  0xff, 0xff, 0xfb, 0x77, 0x00, 0x00, 0xf1, 0xff, 0x54, 0xcc, 0xff, 0xeb, 0x8d, 0x6a, 0xa9, 0xff, 
  0xff, 0x60, 0x00, 0xed, 0xff, 0xca, 0xff, 0xbd, 0x10, 0x00, 0x00, 0x00, 0x8a, 0xff, 0xe7, 0x04, 
  0xea, 0xff, 0xff, 0xd5, 0x0b, 0x00, 0x00, 0x00, 0x00, 0x0c, 0xf5, 0xff, 0x41, 0xe8, 0xff, 0xff, 
  0x3d, 0x00, 0x00, 0x00, 0x00, 0x00, 0x00, 0xbb, 0xff, 0x71, 0xe7, 0xff, 0xc9, 0x00, 0x00, 0x00, 
  0x00, 0x00, 0x00, 0x00, 0xa0, 0xff, 0x86, 0xe6, 0xff, 0x7e, 0x00, 0x00, 0x00, 0x00, 0x00, 0x00, 
  0x00, 0x9a, 0xff, 0x86, 0xe6, 0xff, 0x50, 0x00, 0x00, 0x00, 0x00, 0x00, 0x00, 0x00, 0xab, 0xff, 
  0x71, 0xe5, 0xff, 0x3b, 0x00, 0x00, 0x00, 0x00, 0x00, 0x00, 0x00, 0xd6, 0xff, 0x58, 0xe4, 0xff, 
  0x30, 0x00, 0x00, 0x00, 0x00, 0x00, 0x00, 0x1b, 0xfe, 0xff, 0x1a, 0xe5, 0xff, 0x2a, 0x00, 0x00, 
  0x00, 0x00, 0x00, 0x00, 0x85, 0xff, 0xcf, 0x00, 0xe5, 0xff, 0x49, 0x00, 0x00, 0x00, 0x00, 0x00, 
  0x2c, 0xf8, 0xff, 0x57, 0x00, 0xe5, 0xff, 0xf8, 0x36, 0x00, 0x00, 0x00, 0x2c, 0xe5, 0xff, 0xc3, 
  0x00, 0x00, 0xe5, 0xff, 0xff, 0xf2, 0x81, 0x58, 0x8d, 0xf6, 0xff, 0xd6, 0x14, 0x00, 0x00, 0xe6, 
  0xff, 0x83, 0xec, 0xff, 0xff, 0xff, 0xff, 0xba, 0x19, 0x00, 0x00, 0x00, 0xe6, 0xff, 0x30, 0x0c, 
  0x5e, 0x84, 0x74, 0x33, 0x00, 0x00, 0x00, 0x00, 0x00, 0xe7, 0xff, 0x32, 0x00, 0x00, 0x00, 0x00, 
  0x00, 0x00, 0x00, 0x00, 0x00, 0x00, 0xe9, 0xff, 0x37, 0x00, 0x00, 0x00, 0x00, 0x00, 0x00, 0x00, 
  0x00, 0x00, 0x00, 0xed, 0xff, 0x41, 0x00, 0x00, 0x00, 0x00, 0x00, 0x00, 0x00, 0x00, 0x00, 0x00, 
  0xeb, 0xff, 0x53, 0x00, 0x00, 0x00, 0x00, 0x00, 0x00, 0x00, 0x00, 0x00, 0x00, 0x29, 0x70, 0x22, 
  0x00, 0x00, 0x00, 0x00, 0x00, 0x00, 0x00, 0x00, 0x00, 0x00, 0x00, 0x00, 0x00, 0x00, 0x00, 0x0d, 
  0x5c, 0x81, 0x7b, 0x40, 0x0c, 0x77, 0x3b, 0x00, 0x00, 0x00, 0x00, 0x00, 0x67, 0xf3, 0xff, 0xff, 
  0xff, 0xff, 0xb6, 0xff, 0xff, 0x14, 0x00, 0x00, 0x00, 0x8a, 0xff, 0xfa, 0x9b, 0x59, 0x6d, 0xde, 
  0xff, 0xff, 0xff, 0x14, 0x00, 0x00, 0x62, 0xff, 0xf5, 0x40, 0x00, 0x00, 0x00, 0x12, 0xcb, 0xff, 
  0xff, 0x10, 0x00, 0x18, 0xf0, 0xff, 0x5c, 0x00, 0x00, 0x00, 0x00, 0x00, 0x18, 0xff, 0xff, 0x0f, 
  0x00, 0x8a, 0xff, 0xc0, 0x00, 0x00, 0x00, 0x00, 0x00, 0x00, 0x18, 0xff, 0xff, 0x0e, 0x03, 0xec, 
  0xff, 0x4b, 0x00, 0x00, 0x00, 0x00, 0x00, 0x00, 0x18, 0xff, 0xff, 0x0d, 0x32, 0xff, 0xf3, 0x04, 
  0x00, 0x00, 0x00, 0x00, 0x00, 0x00, 0x1f, 0xff, 0xff, 0x0d, 0x62, 0xff, 0xc3, 0x00, 0x00, 0x00, 
  0x00, 0x00, 0x00, 0x00, 0x37, 0xff, 0xff, 0x0c, 0x76, 0xff, 0xab, 0x00, 0x00, 0x00, 0x00, 0x00, 
  0x00, 0x00, 0x73, 0xff, 0xff, 0x0c, 0x79, 0xff, 0xa9, 0x00, 0x00, 0x00, 0x00, 0x00, 0x00, 0x01, 
  0xd2, 0xff, 0xff, 0x0c, 0x67, 0xff, 0xc0, 0x00, 0x00, 0x00, 0x00, 0x00, 0x00, 0x5f, 0xff, 0xff, 
  0xff, 0x0c, 0x3a, 0xff, 0xf2, 0x06, 0x00, 0x00, 0x00, 0x00, 0x2e, 0xf2, 0xfc, 0xff, 0xff, 0x0c, 
  0x03, 0xe7, 0xff, 0x6f, 0x00, 0x00, 0x00, 0x3b, 0xea, 0xff, 0x8a, 0xff, 0xff, 0x0c, 0x00, 0x6a, 
  0xff, 0xfb, 0x8b, 0x62, 0xa2, 0xfb, 0xff, 0xb9, 0x11, 0xff, 0xff, 0x0c, 0x00, 0x00, 0x8d, 0xff, 
  0xff, 0xff, 0xff, 0xfd, 0x94, 0x05, 0x0e, 0xff, 0xff, 0x0c, 0x00, 0x00, 0x00, 0x31, 0x7d, 0x8e, 
  0x70, 0x22, 0x00, 0x00, 0x12, 0xff, 0xff, 0x0c, 0x00, 0x00, 0x00, 0x00, 0x00, 0x00, 0x00, 0x00, 
  0x00, 0x00, 0x16, 0xff, 0xff, 0x0c, 0x00, 0x00, 0x00, 0x00, 0x00, 0x00, 0x00, 0x00, 0x00, 0x00, 
  0x1b, 0xff, 0xff, 0x0f, 0x00, 0x00, 0x00, 0x00, 0x00, 0x00, 0x00, 0x00, 0x00, 0x00, 0x20, 0xff, 
  0xff, 0x15, 0x00, 0x00, 0x00, 0x00, 0x00, 0x00, 0x00, 0x00, 0x00, 0x00, 0x23, 0xff, 0xff, 0x1e, 
  0x00, 0x00, 0x00, 0x00, 0x00, 0x00, 0x00, 0x00, 0x00, 0x00, 0x00, 0x5d, 0x93, 0x0e, 0x4d, 0x5a, 
  0x0c, 0x00, 0x01, 0x43, 0x74, 0x84, 0x64, 0x14, 0x00, 0xb9, 0xff, 0x8c, 0x29, 0xd2, 0xff, 0xff, 
  0xff, 0xff, 0xf4, 0x58, 0xb2, 0xff, 0xa9, 0xed, 0xff, 0xe4, 0xa2, 0x98, 0xe8, 0xff, 0xdc, 0xab, 
  0xff, 0xff, 0xff, 0x8a, 0x07, 0x00, 0x00, 0x0f, 0xce, 0x75, 0xa8, 0xff, 0xff, 0xa3, 0x00, 0x00, 
  0x00, 0x00, 0x00, 0x00, 0x00, 0xa7, 0xff, 0xfc, 0x23, 0x00, 0x00, 0x00, 0x00, 0x00, 0x00, 0x00, 
  0xa6, 0xff, 0xc5, 0x00, 0x00, 0x00, 0x00, 0x00, 0x00, 0x00, 0x00, 0xa6, 0xff, 0x9a, 0x00, 0x00, 
  0x00, 0x00, 0x00, 0x00, 0x00, 0x00, 0xa6, 0xff, 0x86, 0x00, 0x00, 0x00, 0x00, 0x00, 0x00, 0x00, 
  0x00, 0xa5, 0xff, 0x80, 0x00, 0x00, 0x00, 0x00, 0x00, 0x00, 0x00, 0x00, 0xa5, 0xff, 0x7b, 0x00, 
  0x00, 0x00, 0x00, 0x00, 0x00, 0x00, 0x00, 0xa5, 0xff, 0x78, 0x00, 0x00, 0x00, 0x00, 0x00, 0x00, 
  0x00, 0x00, 0xa5, 0xff, 0x78, 0x00, 0x00, 0x00, 0x00, 0x00, 0x00, 0x00, 0x00, 0xa5, 0xff, 0x81, 
  0x00, 0x00, 0x00, 0x00, 0x00, 0x00, 0x00, 0x00, 0xad, 0xff, 0x8c, 0x00, 0x00, 0x00, 0x00, 0x00, 
  0x00, 0x00, 0x00, 0x9c, 0xff, 0x9b, 0x00, 0x00, 0x00, 0x00, 0x00, 0x00, 0x00, 0x00, 0x03, 0x35, 
  0x25, 0x00, 0x00, 0x00, 0x00, 0x00, 0x00, 0x00, 0x00, 0x00, 0x00, 0x00, 0x05, 0x45, 0x77, 0x85, 
  0x74, 0x3e, 0x03, 0x00, 0x00, 0x00, 0x00, 0x4c, 0xe1, 0xff, 0xff, 0xff, 0xff, 0xff, 0xd6, 0x33, 
  0x00, 0x00, 0x4a, 0xfc, 0xfb, 0x96, 0x4f, 0x39, 0x56, 0xbe, 0xff, 0xec, 0x0a, 0x00, 0xd1, 0xff, 
  0x6d, 0x00, 0x00, 0x00, 0x00, 0x02, 0xac, 0xd9, 0x02, 0x01, 0xfc, 0xff, 0x16, 0x00, 0x00, 0x00, 
  0x00, 0x00, 0x06, 0x11, 0x00, 0x00, 0xe4, 0xff, 0x49, 0x00, 0x00, 0x00, 0x00, 0x00, 0x00, 0x00, 
  0x00, 0x00, 0x7c, 0xff, 0xf8, 0x9f, 0x51, 0x10, 0x00, 0x00, 0x00, 0x00, 0x00, 0x00, 0x02, 0x7f, 
  0xf2, 0xff, 0xff, 0xfc, 0xc9, 0x7d, 0x19, 0x00, 0x00, 0x00, 0x00, 0x00, 0x09, 0x51, 0x95, 0xd8, 
  0xff, 0xff, 0xf4, 0x59, 0x00, 0x00, 0x00, 0x00, 0x00, 0x00, 0x00, 0x00, 0x24, 0x97, 0xff, 0xfb, 
  0x2f, 0x00, 0x00, 0x00, 0x00, 0x00, 0x00, 0x00, 0x00, 0x00, 0xa7, 0xff, 0x98, 0x00, 0x25, 0x00, 
  0x00, 0x00, 0x00, 0x00, 0x00, 0x00, 0x5f, 0xff, 0xc3, 0x66, 0xfd, 0x29, 0x00, 0x00, 0x00, 0x00, 
  0x00, 0x00, 0x6e, 0xff, 0xb6, 0x9b, 0xff, 0xbb, 0x07, 0x00, 0x00, 0x00, 0x00, 0x10, 0xdb, 0xff, 
  0x71, 0x18, 0xe1, 0xff, 0xd8, 0x79, 0x53, 0x54, 0x7c, 0xe6, 0xff, 0xcb, 0x09, 0x00, 0x1a, 0xb1, 
  0xff, 0xff, 0xff, 0xff, 0xff, 0xff, 0xab, 0x12, 0x00, 0x00, 0x00, 0x00, 0x26, 0x6a, 0x87, 0x8a, 
  0x6e, 0x26, 0x00, 0x00, 0x00, 0x00, 0x00, 0x00, 0x00, 0x42, 0x8d, 0x39, 0x00, 0x00, 0x00, 0x00, 
  0x00, 0x00, 0x00, 0x00, 0x00, 0x00, 0x00, 0x74, 0xff, 0xca, 0x00, 0x00, 0x00, 0x00, 0x00, 0x00, 
  0x00, 0x00, 0x00, 0x00, 0x00, 0x6d, 0xff, 0xc6, 0x00, 0x00, 0x00, 0x00, 0x00, 0x00, 0x00, 0x00, 
  0x00, 0x00, 0x00, 0x68, 0xff, 0xc0, 0x00, 0x00, 0x00, 0x00, 0x00, 0x00, 0x00, 0x00, 0x00, 0x00, 
  0x00, 0x68, 0xff, 0xbc, 0x00, 0x00, 0x00, 0x00, 0x00, 0x00, 0x00, 0x05, 0x78, 0x79, 0x75, 0xac, 
  0xff, 0xd9, 0x74, 0x74, 0x76, 0x7a, 0x80, 0x7b, 0x02, 0x1c, 0xff, 0xff, 0xff, 0xff, 0xff, 0xff, 
  0xff, 0xff, 0xff, 0xff, 0xff, 0xff, 0x2b, 0x00, 0x6a, 0x6a, 0x68, 0xa5, 0xff, 0xd5, 0x69, 0x69, 
  0x6a, 0x6c, 0x70, 0x72, 0x0b, 0x00, 0x00, 0x00, 0x00, 0x68, 0xff, 0xb8, 0x00, 0x00, 0x00, 0x00, 
  0x00, 0x00, 0x00, 0x00, 0x00, 0x00, 0x00, 0x68, 0xff, 0xb8, 0x00, 0x00, 0x00, 0x00, 0x00, 0x00, 
  0x00, 0x00, 0x00, 0x00, 0x00, 0x68, 0xff, 0xb8, 0x00, 0x00, 0x00, 0x00, 0x00, 0x00, 0x00, 0x00, 
  0x00, 0x00, 0x00, 0x68, 0xff, 0xb8, 0x00, 0x00, 0x00, 0x00, 0x00, 0x00, 0x00, 0x00, 0x00, 0x00, 
  0x00, 0x68, 0xff, 0xb8, 0x00, 0x00, 0x00, 0x00, 0x00, 0x00, 0x00, 0x00, 0x00, 0x00, 0x00, 0x68, 
  0xff, 0xb8, 0x00, 0x00, 0x00, 0x00, 0x00, 0x00, 0x00, 0x00, 0x00, 0x00, 0x00, 0x68, 0xff, 0xb8, 
  0x00, 0x00, 0x00, 0x00, 0x00, 0x00, 0x00, 0x00, 0x00, 0x00, 0x00, 0x68, 0xff, 0xb8, 0x00, 0x00, 
  0x00, 0x00, 0x00, 0x00, 0x00, 0x00, 0x00, 0x00, 0x00, 0x68, 0xff, 0xb8, 0x00, 0x00, 0x00, 0x00, 
  0x00, 0x00, 0x00, 0x00, 0x00, 0x00, 0x00, 0x66, 0xff, 0xb9, 0x00, 0x00, 0x00, 0x00, 0x00, 0x11, 
  0x02, 0x00, 0x00, 0x00, 0x00, 0x57, 0xff, 0xd1, 0x00, 0x00, 0x00, 0x0d, 0x76, 0xe1, 0x0a, 0x00, 
  0x00, 0x00, 0x00, 0x23, 0xff, 0xff, 0x9e, 0x7f, 0xa7, 0xf2, 0xf5, 0x49, 0x00, 0x00, 0x00, 0x00, 
  0x00, 0x00, 0x99, 0xff, 0xff, 0xff, 0xff, 0xc7, 0x2b, 0x00, 0x00, 0x00, 0x00, 0x00, 0x00, 0x00, 
  0x00, 0x49, 0x80, 0x84, 0x42, 0x00, 0x00, 0x00, 0x00, 0x66, 0x4f, 0x01, 0x00, 0x00, 0x00, 0x00, 
  0x00, 0x00, 0x13, 0x77, 0x3d, 0x00, 0xef, 0xff, 0x51, 0x00, 0x00, 0x00, 0x00, 0x00, 0x00, 0x39, 
  0xff, 0xfe, 0x09, 0xe8, 0xff, 0x56, 0x00, 0x00, 0x00, 0x00, 0x00, 0x00, 0x39, 0xff, 0xf6, 0x00, 
  0xe3, 0xff, 0x52, 0x00, 0x00, 0x00, 0x00, 0x00, 0x00, 0x39, 0xff, 0xe4, 0x00, 0xe1, 0xff, 0x4f, 
  0x00, 0x00, 0x00, 0x00, 0x00, 0x00, 0x3a, 0xff, 0xd6, 0x00, 0xe0, 0xff, 0x4d, 0x00, 0x00, 0x00, 
  0x00, 0x00, 0x00, 0x3c, 0xff, 0xce, 0x00, 0xde, 0xff, 0x4b, 0x00, 0x00, 0x00, 0x00, 0x00, 0x00, 
  0x46, 0xff, 0xc8, 0x00, 0xdd, 0xff, 0x49, 0x00, 0x00, 0x00, 0x00, 0x00, 0x00, 0x67, 0xff, 0xc5, 
  0x00, 0xdd, 0xff, 0x48, 0x00, 0x00, 0x00, 0x00, 0x00, 0x00, 0x8b, 0xff, 0xc5, 0x00, 0xdd, 0xff, 
  0x48, 0x00, 0x00, 0x00, 0x00, 0x00, 0x00, 0xd2, 0xff, 0xcc, 0x00, 0xdb, 0xff, 0x4b, 0x00, 0x00, 
  0x00, 0x00, 0x00, 0x25, 0xff, 0xff, 0xd7, 0x00, 0xd0, 0xff, 0x60, 0x00, 0x00, 0x00, 0x00, 0x00, 
  0xa2, 0xff, 0xff, 0xf1, 0x00, 0xb3, 0xff, 0x90, 0x00, 0x00, 0x00, 0x00, 0x3e, 0xfd, 0xf7, 0xff, 
  0xff, 0x16, 0x7a, 0xff, 0xe6, 0x0a, 0x00, 0x00, 0x2b, 0xec, 0xff, 0x79, 0xed, 0xff, 0x51, 0x1c, 
  0xf6, 0xff, 0xc1, 0x60, 0x8c, 0xf4, 0xff, 0xae, 0x04, 0xbd, 0xff, 0xad, 0x00, 0x59, 0xf9, 0xff, 
  0xff, 0xff, 0xff, 0x9c, 0x05, 0x00, 0x73, 0xff, 0xb1, 0x00, 0x00, 0x21, 0x74, 0x8e, 0x79, 0x2d, 
  0x00, 0x00, 0x00, 0x06, 0x5a, 0x0e, 0x03, 0x4a, 0x4c, 0x00, 0x00, 0x00, 0x00, 0x00, 0x00, 0x00, 
  0x00, 0x69, 0x65, 0x06, 0x22, 0xfe, 0xff, 0x43, 0x00, 0x00, 0x00, 0x00, 0x00, 0x00, 0x14, 0xfd, 
  0xff, 0x59, 0x00, 0xc2, 0xff, 0x8f, 0x00, 0x00, 0x00, 0x00, 0x00, 0x00, 0x5b, 0xff, 0xf1, 0x0b, 
  0x00, 0x68, 0xff, 0xdd, 0x00, 0x00, 0x00, 0x00, 0x00, 0x00, 0xac, 0xff, 0x97, 0x00, 0x00, 0x13, 
  0xfb, 0xff, 0x2d, 0x00, 0x00, 0x00, 0x00, 0x12, 0xf9, 0xff, 0x32, 0x00, 0x00, 0x00, 0xb7, 0xff, 
  0x7d, 0x00, 0x00, 0x00, 0x00, 0x6b, 0xff, 0xcd, 0x00, 0x00, 0x00, 0x00, 0x60, 0xff, 0xcd, 0x00, 
  0x00, 0x00, 0x00, 0xca, 0xff, 0x69, 0x00, 0x00, 0x00, 0x00, 0x0f, 0xf9, 0xff, 0x1f, 0x00, 0x00, 
  0x29, 0xff, 0xf6, 0x0f, 0x00, 0x00, 0x00, 0x00, 0x00, 0xb2, 0xff, 0x70, 0x00, 0x00, 0x89, 0xff, 
  0xa3, 0x00, 0x00, 0x00, 0x00, 0x00, 0x00, 0x5b, 0xff, 0xc2, 0x00, 0x02, 0xe5, 0xff, 0x40, 0x00, 
  0x00, 0x00, 0x00, 0x00, 0x00, 0x0d, 0xf7, 0xfd, 0x16, 0x47, 0xff, 0xdc, 0x01, 0x00, 0x00, 0x00, 
  0x00, 0x00, 0x00, 0x00, 0xb0, 0xff, 0x66, 0xa7, 0xff, 0x7b, 0x00, 0x00, 0x00, 0x00, 0x00, 0x00, 
  0x00, 0x00, 0x59, 0xff, 0xc7, 0xf6, 0xfc, 0x1b, 0x00, 0x00, 0x00, 0x00, 0x00, 0x00, 0x00, 0x00, 
  0x0c, 0xf6, 0xff, 0xff, 0xb6, 0x00, 0x00, 0x00, 0x00, 0x00, 0x00, 0x00, 0x00, 0x00, 0x00, 0xad, 
  0xff, 0xff, 0x5b, 0x00, 0x00, 0x00, 0x00, 0x00, 0x00, 0x00, 0x00, 0x00, 0x00, 0x4a, 0xff, 0xf7, 
  0x0e, 0x00, 0x00, 0x00, 0x00, 0x00, 0x00, 0x00, 0x00, 0x00, 0x00, 0x00, 0x52, 0x59, 0x00, 0x00, 
  0x00, 0x00, 0x00, 0x00, 0x01, 0x51, 0x44, 0x01, 0x00, 0x00, 0x00, 0x03, 0x00, 0x00, 0x00, 0x00, 
  0x03, 0x7e, 0x54, 0x00, 0x11, 0xff, 0xff, 0x34, 0x00, 0x00, 0x7a, 0xfb, 0xc7, 0x19, 0x00, 0x00, 
  0x21, 0xff, 0xff, 0x27, 0x00, 0xd9, 0xff, 0x56, 0x00, 0x00, 0xa9, 0xff, 0xff, 0x5a, 0x00, 0x00, 
  0x44, 0xff, 0xf2, 0x02, 0x00, 0xab, 0xff, 0x77, 0x00, 0x00, 0xd2, 0xff, 0xff, 0x87, 0x00, 0x00, 
  0x69, 0xff, 0xc4, 0x00, 0x00, 0x81, 0xff, 0x98, 0x00, 0x03, 0xf8, 0xff, 0xff, 0xb5, 0x00, 0x00, 
  0x8f, 0xff, 0x94, 0x00, 0x00, 0x59, 0xff, 0xb8, 0x00, 0x26, 0xff, 0xcb, 0xfc, 0xe2, 0x00, 0x00, 
  0xb5, 0xff, 0x65, 0x00, 0x00, 0x31, 0xff, 0xd9, 0x00, 0x50, 0xff, 0x96, 0xd7, 0xff, 0x10, 0x00, 
  0xdc, 0xff, 0x36, 0x00, 0x00, 0x0b, 0xfe, 0xf8, 0x01, 0x7b, 0xff, 0x68, 0xaa, 0xff, 0x3c, 0x06, 
  0xfc, 0xfd, 0x0a, 0x00, 0x00, 0x00, 0xe3, 0xff, 0x1b, 0xa7, 0xff, 0x3a, 0x7c, 0xff, 0x6a, 0x2b, 
  0xff, 0xda, 0x00, 0x00, 0x00, 0x00, 0xbc, 0xff, 0x3b, 0xd3, 0xfe, 0x0d, 0x4f, 0xff, 0x97, 0x53, 
  0xff, 0xab, 0x00, 0x00, 0x00, 0x00, 0x94, 0xff, 0x60, 0xf9, 0xde, 0x00, 0x22, 0xff, 0xc4, 0x7a, 
  0xff, 0x7d, 0x00, 0x00, 0x00, 0x00, 0x6c, 0xff, 0xa7, 0xff, 0xb0, 0x00, 0x01, 0xf3, 0xf1, 0xa2, 
  0xff, 0x4e, 0x00, 0x00, 0x00, 0x00, 0x44, 0xff, 0xee, 0xff, 0x82, 0x00, 0x00, 0xc7, 0xff, 0xe7, 
  0xff, 0x21, 0x00, 0x00, 0x00, 0x00, 0x1c, 0xff, 0xff, 0xff, 0x54, 0x00, 0x00, 0x99, 0xff, 0xff, 
  0xf1, 0x01, 0x00, 0x00, 0x00, 0x00, 0x00, 0xf3, 0xff, 0xff, 0x29, 0x00, 0x00, 0x6c, 0xff, 0xff, 
  0xc2, 0x00, 0x00, 0x00, 0x00, 0x00, 0x00, 0xb1, 0xff, 0xf3, 0x03, 0x00, 0x00, 0x28, 0xfa, 0xff, 
  0x8b, 0x00, 0x00, 0x00, 0x00, 0x00, 0x00, 0x0b, 0x63, 0x4a, 0x00, 0x00, 0x00, 0x00, 0x30, 0x7e, 
  0x1d, 0x00, 0x00, 0x00, 0x00, 0x04, 0x40, 0x27, 0x00, 0x00, 0x00, 0x00, 0x00, 0x00, 0x1f, 0x67, 
  0x20, 0x00, 0x00, 0x96, 0xff, 0xe1, 0x09, 0x00, 0x00, 0x00, 0x00, 0x01, 0xc8, 0xff, 0xbe, 0x00, 
  0x00, 0x0d, 0xd5, 0xff, 0x87, 0x00, 0x00, 0x00, 0x00, 0x67, 0xff, 0xe9, 0x1c, 0x00, 0x00, 0x00, 
  0x2c, 0xf9, 0xfa, 0x2d, 0x00, 0x00, 0x19, 0xf0, 0xfe, 0x44, 0x00, 0x00, 0x00, 0x00, 0x00, 0x7c, 
  0xff, 0xc9, 0x03, 0x00, 0xae, 0xff, 0x98, 0x00, 0x00, 0x00, 0x00, 0x00, 0x00, 0x05, 0xd1, 0xff, 
  0x73, 0x54, 0xff, 0xe2, 0x0d, 0x00, 0x00, 0x00, 0x00, 0x00, 0x00, 0x00, 0x34, 0xfc, 0xf6, 0xe9, 
  0xff, 0x47, 0x00, 0x00, 0x00, 0x00, 0x00, 0x00, 0x00, 0x00, 0x00, 0x8a, 0xff, 0xff, 0x9e, 0x00, 
  0x00, 0x00, 0x00, 0x00, 0x00, 0x00, 0x00, 0x00, 0x00, 0x53, 0xff, 0xff, 0x6d, 0x00, 0x00, 0x00, 
  0x00, 0x00, 0x00, 0x00, 0x00, 0x00, 0x10, 0xe6, 0xff, 0xff, 0xf3, 0x1f, 0x00, 0x00, 0x00, 0x00, 
  0x00, 0x00, 0x00, 0x00, 0xa0, 0xff, 0xa5, 0x98, 0xff, 0xbb, 0x00, 0x00, 0x00, 0x00, 0x00, 0x00, 
  0x00, 0x4a, 0xff, 0xea, 0x14, 0x0e, 0xe3, 0xff, 0x65, 0x00, 0x00, 0x00, 0x00, 0x00, 0x0f, 0xe4, 
  0xff, 0x56, 0x00, 0x00, 0x4c, 0xff, 0xf1, 0x1d, 0x00, 0x00, 0x00, 0x00, 0xa4, 0xff, 0xb2, 0x00, 
  0x00, 0x00, 0x00, 0xa7, 0xff, 0xbe, 0x02, 0x00, 0x00, 0x62, 0xff, 0xf3, 0x1c, 0x00, 0x00, 0x00, 
  0x00, 0x16, 0xee, 0xff, 0x86, 0x00, 0x1d, 0xf8, 0xff, 0x79, 0x00, 0x00, 0x00, 0x00, 0x00, 0x00, 
  0x68, 0xff, 0xfd, 0x24, 0x00, 0x2f, 0x4e, 0x03, 0x00, 0x00, 0x00, 0x00, 0x00, 0x00, 0x01, 0x3a, 
  0x1c, 0x00, 0x02, 0x43, 0x4a, 0x02, 0x00, 0x00, 0x00, 0x00, 0x00, 0x00, 0x00, 0x0e, 0x76, 0x1e, 
  0x16, 0xfa, 0xff, 0x64, 0x00, 0x00, 0x00, 0x00, 0x00, 0x00, 0x00, 0x69, 0xff, 0xd4, 0x00, 0xa4, 
  0xff, 0xc6, 0x00, 0x00, 0x00, 0x00, 0x00, 0x00, 0x00, 0xc0, 0xff, 0xa2, 0x00, 0x38, 0xff, 0xff, 
  0x28, 0x00, 0x00, 0x00, 0x00, 0x00, 0x1a, 0xfd, 0xff, 0x30, 0x00, 0x00, 0xce, 0xff, 0x8a, 0x00, 
  0x00, 0x00, 0x00, 0x00, 0x7f, 0xff, 0xbe, 0x00, 0x00, 0x00, 0x65, 0xff, 0xe7, 0x04, 0x00, 0x00, 
  0x00, 0x06, 0xe7, 0xff, 0x4f, 0x00, 0x00, 0x00, 0x0b, 0xf1, 0xff, 0x4e, 0x00, 0x00, 0x00, 0x5b, 
  0xff, 0xdd, 0x02, 0x00, 0x00, 0x00, 0x00, 0x95, 0xff, 0xb1, 0x00, 0x00, 0x00, 0xc9, 0xff, 0x70, 
  0x00, 0x00, 0x00, 0x00, 0x00, 0x2e, 0xff, 0xfb, 0x18, 0x00, 0x37, 0xff, 0xf2, 0x0e, 0x00, 0x00, 
  0x00, 0x00, 0x00, 0x00, 0xc7, 0xff, 0x76, 0x00, 0xa5, 0xff, 0x91, 0x00, 0x00, 0x00, 0x00, 0x00, 
  0x00, 0x00, 0x60, 0xff, 0xd8, 0x19, 0xfa, 0xfe, 0x24, 0x00, 0x00, 0x00, 0x00, 0x00, 0x00, 0x00, 
  0x0a, 0xf0, 0xff, 0xba, 0xff, 0xb3, 0x00, 0x00, 0x00, 0x00, 0x00, 0x00, 0x00, 0x00, 0x00, 0x93, 
  0xff, 0xff, 0xff, 0x44, 0x00, 0x00, 0x00, 0x00, 0x00, 0x00, 0x00, 0x00, 0x00, 0x2d, 0xff, 0xff, 
  0xd5, 0x00, 0x00, 0x00, 0x00, 0x00, 0x00, 0x00, 0x00, 0x00, 0x00, 0x00, 0xde, 0xff, 0x67, 0x00, 
  0x00, 0x00, 0x00, 0x00, 0x00, 0x00, 0x00, 0x00, 0x00, 0x2f, 0xff, 0xee, 0x0a, 0x00, 0x00, 0x00, 
  0x00, 0x00, 0x00, 0x00, 0x00, 0x00, 0x00, 0x9d, 0xff, 0x8a, 0x00, 0x00, 0x00, 0x00, 0x00, 0x00, 
  0x00, 0x00, 0x00, 0x00, 0x16, 0xf7, 0xfc, 0x1f, 0x00, 0x00, 0x00, 0x00, 0x00, 0x00, 0x20, 0x72, 
  0x07, 0x00, 0x9f, 0xff, 0xac, 0x00, 0x00, 0x00, 0x00, 0x00, 0x00, 0x00, 0x9d, 0xff, 0xea, 0xd8, 
  0xff, 0xfb, 0x2c, 0x00, 0x00, 0x00, 0x00, 0x00, 0x00, 0x00, 0x55, 0xe9, 0xff, 0xff, 0xf4, 0x5d, 
  0x00, 0x00, 0x00, 0x00, 0x00, 0x00, 0x00, 0x00, 0x00, 0x06, 0x29, 0x38, 0x10, 0x00, 0x00, 0x00, 
  0x00, 0x00, 0x00, 0x00, 0x00, 0x00, 0x00, 0x00, 0x00, 0x00, 0x00, 0x00, 0x00, 0x02, 0x16, 0x30, 
  0x54, 0x25, 0x00, 0x00, 0x00, 0xca, 0xd3, 0xd0, 0xdb, 0xed, 0xfd, 0xff, 0xff, 0xff, 0xf1, 0x1f, 
  0x00, 0x00, 0xa2, 0xff, 0xff, 0xff, 0xfa, 0xe5, 0xce, 0xe8, 0xff, 0xf8, 0x39, 0x00, 0x00, 0x0b, 
  0x42, 0x2b, 0x13, 0x01, 0x00, 0x2e, 0xf5, 0xfc, 0x4b, 0x00, 0x00, 0x00, 0x00, 0x00, 0x00, 0x00, 
  0x00, 0x10, 0xdc, 0xff, 0x75, 0x00, 0x00, 0x00, 0x00, 0x00, 0x00, 0x00, 0x00, 0x00, 0xb0, 0xff, 
  0xb1, 0x00, 0x00, 0x00, 0x00, 0x00, 0x00, 0x00, 0x00, 0x00, 0x70, 0xff, 0xe2, 0x11, 0x00, 0x00, 
  0x00, 0x00, 0x00, 0x00, 0x00, 0x00, 0x34, 0xf9, 0xfc, 0x3c, 0x00, 0x00, 0x00, 0x00, 0x00, 0x00, 
  0x00, 0x00, 0x0b, 0xda, 0xff, 0x82, 0x00, 0x00, 0x00, 0x00, 0x00, 0x00, 0x00, 0x00, 0x00, 0x9d, 
  0xff, 0xc8, 0x04, 0x00, 0x00, 0x00, 0x00, 0x00, 0x00, 0x00, 0x00, 0x51, 0xff, 0xf4, 0x24, 0x00, 
  0x00, 0x00, 0x00, 0x00, 0x00, 0x00, 0x00, 0x16, 0xea, 0xff, 0x69, 0x00, 0x00, 0x00, 0x00, 0x00, 
  0x00, 0x00, 0x00, 0x00, 0xaf, 0xff, 0xba, 0x00, 0x00, 0x00, 0x00, 0x00, 0x00, 0x00, 0x00, 0x00, 
  0x6e, 0xff, 0xef, 0x1c, 0x00, 0x00, 0x00, 0x00, 0x00, 0x00, 0x00, 0x00, 0x1d, 0xfd, 0xff, 0xea, 
  0xd1, 0xe0, 0xeb, 0xea, 0xe9, 0xe6, 0xe6, 0xee, 0x6f, 0x12, 0xf8, 0xff, 0xff, 0xff, 0xff, 0xff, 
  0xff, 0xff, 0xff, 0xff, 0xff, 0xce, 0x00, 0x2f, 0x3a, 0x24, 0x19, 0x12, 0x0e, 0x0b, 0x09, 0x09, 
  0x10, 0x25, 0x23, 0x00, 0x00, 0x00, 0x00, 0x00, 0x00, 0x00, 0x2f, 0xa3, 0x99, 0x00, 0x00, 0x00, 
  0x00, 0x00, 0x08, 0x98, 0xfe, 0x9d, 0x14, 0x00, 0x00, 0x00, 0x00, 0x00, 0xb0, 0xff, 0x84, 0x00, 
  0x00, 0x00, 0x00, 0x00, 0x00, 0x49, 0xff, 0xe5, 0x06, 0x00, 0x00, 0x00, 0x00, 0x00, 0x00, 0x89, 
  0xff, 0xaf, 0x00, 0x00, 0x00, 0x00, 0x00, 0x00, 0x00, 0x98, 0xff, 0xa4, 0x00, 0x00, 0x00, 0x00, 
  0x00, 0x00, 0x00, 0x8c, 0xff, 0xb3, 0x00, 0x00, 0x00, 0x00, 0x00, 0x00, 0x00, 0x7c, 0xff, 0xc3, 
  0x00, 0x00, 0x00, 0x00, 0x00, 0x00, 0x00, 0x6e, 0xff, 0xd1, 0x00, 0x00, 0x00, 0x00, 0x00, 0x00, 
  0x00, 0x66, 0xff, 0xd9, 0x00, 0x00, 0x00, 0x00, 0x00, 0x00, 0x00, 0x78, 0xff, 0xca, 0x00, 0x00, 
  0x00, 0x00, 0x00, 0x00, 0x00, 0x9d, 0xff, 0xa9, 0x00, 0x00, 0x00, 0x00, 0x00, 0x00, 0x18, 0xf4, 
  0xff, 0x64, 0x00, 0x00, 0x00, 0x07, 0x23, 0x55, 0xde, 0xff, 0xd7, 0x06, 0x00, 0x00, 0x00, 0xb3, 
  0xff, 0xff, 0xff, 0xc7, 0x1f, 0x00, 0x00, 0x00, 0x00, 0x48, 0xce, 0xf5, 0xff, 0xd1, 0x42, 0x00, 
  0x00, 0x00, 0x00, 0x00, 0x00, 0x0a, 0x81, 0xff, 0xf6, 0x2d, 0x00, 0x00, 0x00, 0x00, 0x00, 0x00, 
  0x00, 0xb2, 0xff, 0x9f, 0x00, 0x00, 0x00, 0x00, 0x00, 0x00, 0x00, 0x69, 0xff, 0xcf, 0x00, 0x00, 
  0x00, 0x00, 0x00, 0x00, 0x00, 0x61, 0xff, 0xd6, 0x00, 0x00, 0x00, 0x00, 0x00, 0x00, 0x00, 0x69, 
  0xff, 0xce, 0x00, 0x00, 0x00, 0x00, 0x00, 0x00, 0x00, 0x7c, 0xff, 0xbd, 0x00, 0x00, 0x00, 0x00, 
  0x00, 0x00, 0x00, 0x9d, 0xff, 0x9f, 0x00, 0x00, 0x00, 0x00, 0x00, 0x00, 0x00, 0xc5, 0xff, 0x7a, 
  0x00, 0x00, 0x00, 0x00, 0x00, 0x00, 0x00, 0xe1, 0xff, 0x55, 0x00, 0x00, 0x00, 0x00, 0x00, 0x00, 
  0x00, 0xe4, 0xff, 0x56, 0x00, 0x00, 0x00, 0x00, 0x00, 0x00, 0x00, 0xb7, 0xff, 0x8f, 0x00, 0x00, 
  0x00, 0x00, 0x00, 0x00, 0x00, 0x45, 0xfe, 0xf6, 0x2d, 0x00, 0x00, 0x00, 0x00, 0x00, 0x00, 0x00, 
  0x6a, 0xfa, 0xec, 0x55, 0x00, 0x00, 0x00, 0x00, 0x00, 0x00, 0x00, 0x26, 0x98, 0xe9, 0x9d, 0x00, 
  0x00, 0x00, 0x00, 0x00, 0x00, 0x00, 0x00, 0x01, 0x0b, 0xcb, 0xce, 0x27, 0xda, 0xff, 0x4c, 0xd4, 
  0xff, 0x47, 0xd4, 0xff, 0x47, 0xd3, 0xff, 0x46, 0xd3, 0xff, 0x46, 0xd3, 0xff, 0x46, 0xd2, 0xff, 
  0x45, 0xd2, 0xff, 0x45, 0xd2, 0xff, 0x44, 0xd1, 0xff, 0x44, 0xd1, 0xff, 0x44, 0xd1, 0xff, 0x43, 
  0xd0, 0xff, 0x43, 0xd0, 0xff, 0x42, 0xd0, 0xff, 0x42, 0xcf, 0xff, 0x42, 0xcf, 0xff, 0x41, 0xcf, 
  0xff, 0x41, 0xce, 0xff, 0x40, 0xce, 0xff, 0x40, 0xce, 0xff, 0x40, 0xcd, 0xff, 0x40, 0xcd, 0xff, 
  0x40, 0xcd, 0xff, 0x40, 0xcc, 0xff, 0x46, 0xd1, 0xff, 0x51, 0xd7, 0xff, 0x54, 0x3e, 0x8c, 0x2c, 
  0x01, 0x00, 0x00, 0x00, 0x00, 0x00, 0x00, 0x00, 0x00, 0x00, 0x97, 0xda, 0x88, 0x1d, 0x00, 0x00, 
  0x00, 0x00, 0x00, 0x00, 0x01, 0x5c, 0xed, 0xf6, 0x61, 0x00, 0x00, 0x00, 0x00, 0x00, 0x00, 0x00, 
  0x2d, 0xf5, 0xfe, 0x42, 0x00, 0x00, 0x00, 0x00, 0x00, 0x00, 0x00, 0x8d, 0xff, 0xb9, 0x00, 0x00, 
  0x00, 0x00, 0x00, 0x00, 0x00, 0x51, 0xff, 0xea, 0x00, 0x00, 0x00, 0x00, 0x00, 0x00, 0x00, 0x4d, 
  0xff, 0xea, 0x00, 0x00, 0x00, 0x00, 0x00, 0x00, 0x00, 0x73, 0xff, 0xce, 0x00, 0x00, 0x00, 0x00, 
  0x00, 0x00, 0x00, 0x99, 0xff, 0xa7, 0x00, 0x00, 0x00, 0x00, 0x00, 0x00, 0x00, 0xb6, 0xff, 0x85, 
  0x00, 0x00, 0x00, 0x00, 0x00, 0x00, 0x00, 0xc7, 0xff, 0x71, 0x00, 0x00, 0x00, 0x00, 0x00, 0x00, 
  0x00, 0xcf, 0xff, 0x68, 0x00, 0x00, 0x00, 0x00, 0x00, 0x00, 0x00, 0xc9, 0xff, 0x6e, 0x00, 0x00, 
  0x00, 0x00, 0x00, 0x00, 0x00, 0x9d, 0xff, 0xb5, 0x00, 0x00, 0x00, 0x00, 0x00, 0x00, 0x00, 0x2f, 
  0xf9, 0xff, 0x7f, 0x07, 0x00, 0x00, 0x00, 0x00, 0x00, 0x00, 0x4c, 0xdd, 0xff, 0xee, 0xc1, 0x47, 
  0x00, 0x00, 0x00, 0x00, 0x13, 0xb4, 0xff, 0xff, 0xff, 0xbe, 0x00, 0x00, 0x00, 0x02, 0xc4, 0xff, 
  0xea, 0x69, 0x35, 0x11, 0x00, 0x00, 0x00, 0x53, 0xff, 0xfa, 0x24, 0x00, 0x00, 0x00, 0x00, 0x00, 
  0x00, 0x9f, 0xff, 0xa8, 0x00, 0x00, 0x00, 0x00, 0x00, 0x00, 0x00, 0xc2, 0xff, 0x80, 0x00, 0x00, 
  0x00, 0x00, 0x00, 0x00, 0x00, 0xd0, 0xff, 0x6e, 0x00, 0x00, 0x00, 0x00, 0x00, 0x00, 0x00, 0xc6, 
  0xff, 0x77, 0x00, 0x00, 0x00, 0x00, 0x00, 0x00, 0x00, 0xb3, 0xff, 0x86, 0x00, 0x00, 0x00, 0x00, 
  0x00, 0x00, 0x00, 0xa2, 0xff, 0x98, 0x00, 0x00, 0x00, 0x00, 0x00, 0x00, 0x00, 0x97, 0xff, 0xa4, 
  0x00, 0x00, 0x00, 0x00, 0x00, 0x00, 0x00, 0x9f, 0xff, 0x9f, 0x00, 0x00, 0x00, 0x00, 0x00, 0x00, 
  0x01, 0xd6, 0xff, 0x68, 0x00, 0x00, 0x00, 0x00, 0x00, 0x00, 0x6b, 0xff, 0xd1, 0x09, 0x00, 0x00, 
  0x00, 0x00, 0x0b, 0x86, 0xfe, 0xb8, 0x17, 0x00, 0x00, 0x00, 0x00, 0x00, 0x9f, 0xb6, 0x4c, 0x00, 
  0x00, 0x00, 0x00, 0x00, 0x00, 0x00, 0x00, 0x00, 0x00, 0x0f, 0x2c, 0x11, 0x00, 0x00, 0x00, 0x00, 
  0x00, 0x00, 0x02, 0x13, 0x00, 0x08, 0x9a, 0xfb, 0xff, 0xfb, 0x94, 0x07, 0x00, 0x00, 0x00, 0x00, 
  0x7e, 0xc1, 0x01, 0xb3, 0xff, 0xe8, 0xd5, 0xff, 0xff, 0xcb, 0x1b, 0x00, 0x00, 0x55, 0xf8, 0x72, 
  0x5b, 0xfd, 0x73, 0x04, 0x00, 0x55, 0xef, 0xff, 0xf4, 0xba, 0xd6, 0xff, 0xc9, 0x06, 0xb5, 0x97, 
  0x00, 0x00, 0x00, 0x00, 0x20, 0xb8, 0xff, 0xff, 0xff, 0xb8, 0x12, 0x00, 0x22, 0x08, 0x00, 0x00, 
  0x00, 0x00, 0x00, 0x00, 0x1b, 0x3d, 0x21, 0x00, 0x00, 0x00, 0x00, 0x06, 0x84, 0xe2, 0xf2, 0xb5, 
  0x22, 0x00, 0x00, 0x99, 0xfd, 0xa1, 0x84, 0xe5, 0xe4, 0x10, 0x11, 0xff, 0x82, 0x00, 0x00, 0x23, 
  0xfd, 0x6f, 0x2f, 0xff, 0x48, 0x00, 0x00, 0x00, 0xe8, 0x8f, 0x0a, 0xf9, 0xa3, 0x01, 0x00, 0x42, 
  0xff, 0x62, 0x00, 0x78, 0xff, 0xd1, 0xb5, 0xf9, 0xce, 0x06, 0x00, 0x00, 0x56, 0xb4, 0xc3, 0x86, 
  0x0c, 0x00, 0x00, 0x10, 0x4c, 0x58, 0x47, 0x57, 0x20, 0x57, 0x65, 0x6e, 0x4b, 0x61, 0x69, 0x20, 
  0x4d, 0x6f, 0x6e, 0x6f, 0x00, 0x16, 0x4c, 0x58, 0x47, 0x57, 0x57, 0x65, 0x6e, 0x4b, 0x61, 0x69, 
  0x4d, 0x6f, 0x6e, 0x6f, 0x2d, 0x52, 0x65, 0x67, 0x75, 0x6c, 0x61, 0x72, 0x01
};

#endif